week_start,product_name,opening_stock,quantity_received,quantity_dispensed,closing_stock,stockout_flag
2020-01-06,AZT,2506,0,268,2238,0
2020-01-13,AZT,2238,0,241,1997,0
2020-01-20,AZT,1997,0,215,1782,0
2020-01-27,AZT,1782,0,251,1531,0
2020-02-03,AZT,1531,0,204,1327,0
2020-02-10,AZT,1327,0,252,1075,0
2020-02-17,AZT,1075,0,205,870,0
2020-02-24,AZT,870,0,189,681,0
2020-03-02,AZT,681,0,175,506,0
2020-03-09,AZT,506,0,196,310,0
2020-03-16,AZT,310,0,183,127,0
2020-03-23,AZT,127,0,127,0,1
2020-03-30,AZT,0,1610,184,1426,0
2020-04-06,AZT,1426,0,238,1188,0
2020-04-13,AZT,1188,0,249,939,0
2020-04-20,AZT,939,0,282,657,0
2020-04-27,AZT,657,0,277,380,0
2020-05-04,AZT,380,0,241,139,0
2020-05-11,AZT,139,1259,229,1169,0
2020-05-18,AZT,1169,0,254,915,0
2020-05-25,AZT,915,0,264,651,0
2020-06-01,AZT,651,0,115,536,0
2020-06-08,AZT,536,0,274,262,0
2020-06-15,AZT,262,0,262,0,1
2020-06-22,AZT,0,0,0,0,1
2020-06-29,AZT,0,1516,274,1242,0
2020-07-06,AZT,1242,0,193,1049,0
2020-07-13,AZT,1049,0,281,768,0
2020-07-20,AZT,768,0,267,501,0
2020-07-27,AZT,501,0,172,329,0
2020-08-03,AZT,329,0,240,89,0
2020-08-10,AZT,89,0,89,0,1
2020-08-17,AZT,0,1443,160,1283,0
2020-08-24,AZT,1283,0,249,1034,0
2020-08-31,AZT,1034,0,230,804,0
2020-09-07,AZT,804,0,219,585,0
2020-09-14,AZT,585,0,228,357,0
2020-09-21,AZT,357,0,237,120,0
2020-09-28,AZT,120,1651,203,1568,0
2020-10-05,AZT,1568,0,184,1384,0
2020-10-12,AZT,1384,0,211,1173,0
2020-10-19,AZT,1173,0,212,961,0
2020-10-26,AZT,961,0,210,751,0
2020-11-02,AZT,751,0,325,426,0
2020-11-09,AZT,426,0,253,173,0
2020-11-16,AZT,173,1117,251,1039,0
2020-11-23,AZT,1039,0,233,806,0
2020-11-30,AZT,806,0,176,630,0
2020-12-07,AZT,630,0,205,425,0
2020-12-14,AZT,425,0,346,79,0
2020-12-21,AZT,79,0,79,0,1
2020-12-28,AZT,0,1646,194,1452,0
2021-01-04,AZT,1452,0,208,1244,0
2021-01-11,AZT,1244,0,185,1059,0
2021-01-18,AZT,1059,0,173,886,0
2021-01-25,AZT,886,0,155,731,0
2021-02-01,AZT,731,0,210,521,0
2021-02-08,AZT,521,0,181,340,0
2021-02-15,AZT,340,0,198,142,0
2021-02-22,AZT,142,1233,257,1118,0
2021-03-01,AZT,1118,0,209,909,0
2021-03-08,AZT,909,0,159,750,0
2021-03-15,AZT,750,0,120,630,0
2021-03-22,AZT,630,0,166,464,0
2021-03-29,AZT,464,0,187,277,0
2021-04-05,AZT,277,0,165,112,0
2021-04-12,AZT,112,0,112,0,1
2021-04-19,AZT,0,0,0,0,1
2021-04-26,AZT,0,1776,208,1568,0
2021-05-03,AZT,1568,0,232,1336,0
2021-05-10,AZT,1336,0,305,1031,0
2021-05-17,AZT,1031,0,304,727,0
2021-05-24,AZT,727,0,249,478,0
2021-05-31,AZT,478,0,293,185,0
2021-06-07,AZT,185,0,185,0,1
2021-06-14,AZT,0,0,0,0,1
2021-06-21,AZT,0,0,0,0,1
2021-06-28,AZT,0,0,0,0,1
2021-07-05,AZT,0,1654,193,1461,0
2021-07-12,AZT,1461,0,212,1249,0
2021-07-19,AZT,1249,0,243,1006,0
2021-07-26,AZT,1006,0,196,810,0
2021-08-02,AZT,810,0,200,610,0
2021-08-09,AZT,610,0,224,386,0
2021-08-16,AZT,386,1436,197,1625,0
2021-08-23,AZT,1625,0,201,1424,0
2021-08-30,AZT,1424,0,307,1117,0
2021-09-06,AZT,1117,0,289,828,0
2021-09-13,AZT,828,0,131,697,0
2021-09-20,AZT,697,0,210,487,0
2021-09-27,AZT,487,0,180,307,0
2021-10-04,AZT,307,0,214,93,0
2021-10-11,AZT,93,0,93,0,1
2021-10-18,AZT,0,1261,301,960,0
2021-10-25,AZT,960,0,347,613,0
2021-11-01,AZT,613,0,181,432,0
2021-11-08,AZT,432,0,229,203,0
2021-11-15,AZT,203,1725,233,1695,0
2021-11-22,AZT,1695,0,220,1475,0
2021-11-29,AZT,1475,0,211,1264,0
2021-12-06,AZT,1264,0,213,1051,0
2021-12-13,AZT,1051,0,204,847,0
2021-12-20,AZT,847,0,211,636,0
2021-12-27,AZT,636,0,185,451,0
2022-01-03,AZT,451,0,195,256,0
2022-01-10,AZT,256,0,241,15,0
2022-01-17,AZT,15,1210,172,1053,0
2022-01-24,AZT,1053,0,268,785,0
2022-01-31,AZT,785,0,202,583,0
2022-02-07,AZT,583,0,128,455,0
2022-02-14,AZT,455,0,133,322,0
2022-02-21,AZT,322,0,168,154,0
2022-02-28,AZT,154,1900,166,1888,0
2022-03-07,AZT,1888,0,191,1697,0
2022-03-14,AZT,1697,0,240,1457,0
2022-03-21,AZT,1457,0,162,1295,0
2022-03-28,AZT,1295,0,186,1109,0
2022-04-04,AZT,1109,0,181,928,0
2022-04-11,AZT,928,0,249,679,0
2022-04-18,AZT,679,0,228,451,0
2022-04-25,AZT,451,0,273,178,0
2022-05-02,AZT,178,0,178,0,1
2022-05-09,AZT,0,1390,297,1093,0
2022-05-16,AZT,1093,0,263,830,0
2022-05-23,AZT,830,0,317,513,0
2022-05-30,AZT,513,0,147,366,0
2022-06-06,AZT,366,0,234,132,0
2022-06-13,AZT,132,0,132,0,1
2022-06-20,AZT,0,0,0,0,1
2022-06-27,AZT,0,0,0,0,1
2022-07-04,AZT,0,1855,242,1613,0
2022-07-11,AZT,1613,0,254,1359,0
2022-07-18,AZT,1359,0,277,1082,0
2022-07-25,AZT,1082,0,277,805,0
2022-08-01,AZT,805,0,219,586,0
2022-08-08,AZT,586,0,279,307,0
2022-08-15,AZT,307,0,245,62,0
2022-08-22,AZT,62,0,62,0,1
2022-08-29,AZT,0,0,0,0,1
2022-09-05,AZT,0,1603,238,1365,0
2022-09-12,AZT,1365,0,207,1158,0
2022-09-19,AZT,1158,0,232,926,0
2022-09-26,AZT,926,0,260,666,0
2022-10-03,AZT,666,0,115,551,0
2022-10-10,AZT,551,0,196,355,0
2022-10-17,AZT,355,0,299,56,0
2022-10-24,AZT,56,0,56,0,1
2022-10-31,AZT,0,0,0,0,1
2022-11-07,AZT,0,0,0,0,1
2022-11-14,AZT,0,1527,216,1311,0
2022-11-21,AZT,1311,0,220,1091,0
2022-11-28,AZT,1091,0,227,864,0
2022-12-05,AZT,864,0,211,653,0
2022-12-12,AZT,653,0,246,407,0
2022-12-19,AZT,407,0,208,199,0
2022-12-26,AZT,199,0,199,0,1
2020-01-06,Amoxicillin 500mg,2483,0,189,2294,0
2020-01-13,Amoxicillin 500mg,2294,0,143,2151,0
2020-01-20,Amoxicillin 500mg,2151,0,203,1948,0
2020-01-27,Amoxicillin 500mg,1948,0,227,1721,0
2020-02-03,Amoxicillin 500mg,1721,0,216,1505,0
2020-02-10,Amoxicillin 500mg,1505,0,236,1269,0
2020-02-17,Amoxicillin 500mg,1269,0,195,1074,0
2020-02-24,Amoxicillin 500mg,1074,0,172,902,0
2020-03-02,Amoxicillin 500mg,902,0,270,632,0
2020-03-09,Amoxicillin 500mg,632,0,152,480,0
2020-03-16,Amoxicillin 500mg,480,0,178,302,0
2020-03-23,Amoxicillin 500mg,302,2124,211,2215,0
2020-03-30,Amoxicillin 500mg,2215,0,82,2133,0
2020-04-06,Amoxicillin 500mg,2133,0,242,1891,0
2020-04-13,Amoxicillin 500mg,1891,0,252,1639,0
2020-04-20,Amoxicillin 500mg,1639,0,297,1342,0
2020-04-27,Amoxicillin 500mg,1342,0,344,998,0
2020-05-04,Amoxicillin 500mg,998,0,317,681,0
2020-05-11,Amoxicillin 500mg,681,0,287,394,0
2020-05-18,Amoxicillin 500mg,394,0,238,156,0
2020-05-25,Amoxicillin 500mg,156,0,156,0,1
2020-06-01,Amoxicillin 500mg,0,0,0,0,1
2020-06-08,Amoxicillin 500mg,0,2948,246,2702,0
2020-06-15,Amoxicillin 500mg,2702,0,280,2422,0
2020-06-22,Amoxicillin 500mg,2422,0,267,2155,0
2020-06-29,Amoxicillin 500mg,2155,0,188,1967,0
2020-07-06,Amoxicillin 500mg,1967,0,341,1626,0
2020-07-13,Amoxicillin 500mg,1626,0,243,1383,0
2020-07-20,Amoxicillin 500mg,1383,0,276,1107,0
2020-07-27,Amoxicillin 500mg,1107,0,307,800,0
2020-08-03,Amoxicillin 500mg,800,0,400,400,0
2020-08-10,Amoxicillin 500mg,400,0,269,131,0
2020-08-17,Amoxicillin 500mg,131,0,131,0,1
2020-08-24,Amoxicillin 500mg,0,2003,78,1925,0
2020-08-31,Amoxicillin 500mg,1925,0,209,1716,0
2020-09-07,Amoxicillin 500mg,1716,0,273,1443,0
2020-09-14,Amoxicillin 500mg,1443,0,193,1250,0
2020-09-21,Amoxicillin 500mg,1250,0,148,1102,0
2020-09-28,Amoxicillin 500mg,1102,0,169,933,0
2020-10-05,Amoxicillin 500mg,933,0,133,800,0
2020-10-12,Amoxicillin 500mg,800,0,267,533,0
2020-10-19,Amoxicillin 500mg,533,0,272,261,0
2020-10-26,Amoxicillin 500mg,261,0,249,12,0
2020-11-02,Amoxicillin 500mg,12,0,12,0,1
2020-11-09,Amoxicillin 500mg,0,0,0,0,1
2020-11-16,Amoxicillin 500mg,0,0,0,0,1
2020-11-23,Amoxicillin 500mg,0,2186,240,1946,0
2020-11-30,Amoxicillin 500mg,1946,0,247,1699,0
2020-12-07,Amoxicillin 500mg,1699,0,278,1421,0
2020-12-14,Amoxicillin 500mg,1421,0,231,1190,0
2020-12-21,Amoxicillin 500mg,1190,0,205,985,0
2020-12-28,Amoxicillin 500mg,985,0,273,712,0
2021-01-04,Amoxicillin 500mg,712,0,194,518,0
2021-01-11,Amoxicillin 500mg,518,0,151,367,0
2021-01-18,Amoxicillin 500mg,367,2208,195,2380,0
2021-01-25,Amoxicillin 500mg,2380,0,177,2203,0
2021-02-01,Amoxicillin 500mg,2203,0,204,1999,0
2021-02-08,Amoxicillin 500mg,1999,0,203,1796,0
2021-02-15,Amoxicillin 500mg,1796,0,208,1588,0
2021-02-22,Amoxicillin 500mg,1588,0,181,1407,0
2021-03-01,Amoxicillin 500mg,1407,0,167,1240,0
2021-03-08,Amoxicillin 500mg,1240,0,193,1047,0
2021-03-15,Amoxicillin 500mg,1047,0,161,886,0
2021-03-22,Amoxicillin 500mg,886,0,167,719,0
2021-03-29,Amoxicillin 500mg,719,0,178,541,0
2021-04-05,Amoxicillin 500mg,541,0,99,442,0
2021-04-12,Amoxicillin 500mg,442,0,198,244,0
2021-04-19,Amoxicillin 500mg,244,0,237,7,0
2021-04-26,Amoxicillin 500mg,7,2582,245,2344,0
2021-05-03,Amoxicillin 500mg,2344,0,275,2069,0
2021-05-10,Amoxicillin 500mg,2069,0,271,1798,0
2021-05-17,Amoxicillin 500mg,1798,0,322,1476,0
2021-05-24,Amoxicillin 500mg,1476,0,246,1230,0
2021-05-31,Amoxicillin 500mg,1230,0,278,952,0
2021-06-07,Amoxicillin 500mg,952,0,200,752,0
2021-06-14,Amoxicillin 500mg,752,0,265,487,0
2021-06-21,Amoxicillin 500mg,487,0,264,223,0
2021-06-28,Amoxicillin 500mg,223,0,201,22,0
2021-07-05,Amoxicillin 500mg,22,0,22,0,1
2021-07-12,Amoxicillin 500mg,0,0,0,0,1
2021-07-19,Amoxicillin 500mg,0,2153,297,1856,0
2021-07-26,Amoxicillin 500mg,1856,0,249,1607,0
2021-08-02,Amoxicillin 500mg,1607,0,319,1288,0
2021-08-09,Amoxicillin 500mg,1288,0,231,1057,0
2021-08-16,Amoxicillin 500mg,1057,0,226,831,0
2021-08-23,Amoxicillin 500mg,831,0,313,518,0
2021-08-30,Amoxicillin 500mg,518,0,217,301,0
2021-09-06,Amoxicillin 500mg,301,0,281,20,0
2021-09-13,Amoxicillin 500mg,20,0,20,0,1
2021-09-20,Amoxicillin 500mg,0,0,0,0,1
2021-09-27,Amoxicillin 500mg,0,0,0,0,1
2021-10-04,Amoxicillin 500mg,0,0,0,0,1
2021-10-11,Amoxicillin 500mg,0,0,0,0,1
2021-10-18,Amoxicillin 500mg,0,2572,284,2288,0
2021-10-25,Amoxicillin 500mg,2288,0,322,1966,0
2021-11-01,Amoxicillin 500mg,1966,0,353,1613,0
2021-11-08,Amoxicillin 500mg,1613,0,249,1364,0
2021-11-15,Amoxicillin 500mg,1364,0,190,1174,0
2021-11-22,Amoxicillin 500mg,1174,0,201,973,0
2021-11-29,Amoxicillin 500mg,973,0,155,818,0
2021-12-06,Amoxicillin 500mg,818,0,262,556,0
2021-12-13,Amoxicillin 500mg,556,0,202,354,0
2021-12-20,Amoxicillin 500mg,354,2016,263,2107,0
2021-12-27,Amoxicillin 500mg,2107,0,321,1786,0
2022-01-03,Amoxicillin 500mg,1786,0,154,1632,0
2022-01-10,Amoxicillin 500mg,1632,0,211,1421,0
2022-01-17,Amoxicillin 500mg,1421,0,161,1260,0
2022-01-24,Amoxicillin 500mg,1260,0,156,1104,0
2022-01-31,Amoxicillin 500mg,1104,0,143,961,0
2022-02-07,Amoxicillin 500mg,961,0,173,788,0
2022-02-14,Amoxicillin 500mg,788,0,294,494,0
2022-02-21,Amoxicillin 500mg,494,0,182,312,0
2022-02-28,Amoxicillin 500mg,312,0,233,79,0
2022-03-07,Amoxicillin 500mg,79,2208,246,2041,0
2022-03-14,Amoxicillin 500mg,2041,0,154,1887,0
2022-03-21,Amoxicillin 500mg,1887,0,200,1687,0
2022-03-28,Amoxicillin 500mg,1687,0,159,1528,0
2022-04-04,Amoxicillin 500mg,1528,0,197,1331,0
2022-04-11,Amoxicillin 500mg,1331,0,261,1070,0
2022-04-18,Amoxicillin 500mg,1070,0,299,771,0
2022-04-25,Amoxicillin 500mg,771,0,337,434,0
2022-05-02,Amoxicillin 500mg,434,0,219,215,0
2022-05-09,Amoxicillin 500mg,215,0,215,0,1
2022-05-16,Amoxicillin 500mg,0,1942,377,1565,0
2022-05-23,Amoxicillin 500mg,1565,0,253,1312,0
2022-05-30,Amoxicillin 500mg,1312,0,279,1033,0
2022-06-06,Amoxicillin 500mg,1033,0,317,716,0
2022-06-13,Amoxicillin 500mg,716,0,188,528,0
2022-06-20,Amoxicillin 500mg,528,0,175,353,0
2022-06-27,Amoxicillin 500mg,353,0,203,150,0
2022-07-04,Amoxicillin 500mg,150,0,150,0,1
2022-07-11,Amoxicillin 500mg,0,0,0,0,1
2022-07-18,Amoxicillin 500mg,0,0,0,0,1
2022-07-25,Amoxicillin 500mg,0,2596,248,2348,0
2022-08-01,Amoxicillin 500mg,2348,0,423,1925,0
2022-08-08,Amoxicillin 500mg,1925,0,214,1711,0
2022-08-15,Amoxicillin 500mg,1711,0,219,1492,0
2022-08-22,Amoxicillin 500mg,1492,0,300,1192,0
2022-08-29,Amoxicillin 500mg,1192,0,219,973,0
2022-09-05,Amoxicillin 500mg,973,0,135,838,0
2022-09-12,Amoxicillin 500mg,838,0,203,635,0
2022-09-19,Amoxicillin 500mg,635,0,215,420,0
2022-09-26,Amoxicillin 500mg,420,0,180,240,0
2022-10-03,Amoxicillin 500mg,240,2137,141,2236,0
2022-10-10,Amoxicillin 500mg,2236,0,251,1985,0
2022-10-17,Amoxicillin 500mg,1985,0,309,1676,0
2022-10-24,Amoxicillin 500mg,1676,0,234,1442,0
2022-10-31,Amoxicillin 500mg,1442,0,322,1120,0
2022-11-07,Amoxicillin 500mg,1120,0,271,849,0
2022-11-14,Amoxicillin 500mg,849,0,278,571,0
2022-11-21,Amoxicillin 500mg,571,0,226,345,0
2022-11-28,Amoxicillin 500mg,345,0,271,74,0
2022-12-05,Amoxicillin 500mg,74,1953,345,1682,0
2022-12-12,Amoxicillin 500mg,1682,0,225,1457,0
2022-12-19,Amoxicillin 500mg,1457,0,234,1223,0
2022-12-26,Amoxicillin 500mg,1223,0,221,1002,0
2020-01-06,Artemether-Lumefantrine (AL),1480,0,133,1347,0
2020-01-13,Artemether-Lumefantrine (AL),1347,0,48,1299,0
2020-01-20,Artemether-Lumefantrine (AL),1299,0,155,1144,0
2020-01-27,Artemether-Lumefantrine (AL),1144,0,145,999,0
2020-02-03,Artemether-Lumefantrine (AL),999,0,133,866,0
2020-02-10,Artemether-Lumefantrine (AL),866,0,198,668,0
2020-02-17,Artemether-Lumefantrine (AL),668,0,116,552,0
2020-02-24,Artemether-Lumefantrine (AL),552,0,148,404,0
2020-03-02,Artemether-Lumefantrine (AL),404,1661,124,1941,0
2020-03-09,Artemether-Lumefantrine (AL),1941,0,173,1768,0
2020-03-16,Artemether-Lumefantrine (AL),1768,0,195,1573,0
2020-03-23,Artemether-Lumefantrine (AL),1573,0,157,1416,0
2020-03-30,Artemether-Lumefantrine (AL),1416,0,112,1304,0
2020-04-06,Artemether-Lumefantrine (AL),1304,0,150,1154,0
2020-04-13,Artemether-Lumefantrine (AL),1154,0,151,1003,0
2020-04-20,Artemether-Lumefantrine (AL),1003,0,190,813,0
2020-04-27,Artemether-Lumefantrine (AL),813,0,214,599,0
2020-05-04,Artemether-Lumefantrine (AL),599,0,196,403,0
2020-05-11,Artemether-Lumefantrine (AL),403,0,146,257,0
2020-05-18,Artemether-Lumefantrine (AL),257,1544,245,1556,0
2020-05-25,Artemether-Lumefantrine (AL),1556,0,249,1307,0
2020-06-01,Artemether-Lumefantrine (AL),1307,0,152,1155,0
2020-06-08,Artemether-Lumefantrine (AL),1155,0,179,976,0
2020-06-15,Artemether-Lumefantrine (AL),976,0,212,764,0
2020-06-22,Artemether-Lumefantrine (AL),764,0,235,529,0
2020-06-29,Artemether-Lumefantrine (AL),529,0,207,322,0
2020-07-06,Artemether-Lumefantrine (AL),322,0,232,90,0
2020-07-13,Artemether-Lumefantrine (AL),90,1653,233,1510,0
2020-07-20,Artemether-Lumefantrine (AL),1510,0,229,1281,0
2020-07-27,Artemether-Lumefantrine (AL),1281,0,133,1148,0
2020-08-03,Artemether-Lumefantrine (AL),1148,0,215,933,0
2020-08-10,Artemether-Lumefantrine (AL),933,0,229,704,0
2020-08-17,Artemether-Lumefantrine (AL),704,0,208,496,0
2020-08-24,Artemether-Lumefantrine (AL),496,0,177,319,0
2020-08-31,Artemether-Lumefantrine (AL),319,0,199,120,0
2020-09-07,Artemether-Lumefantrine (AL),120,0,120,0,1
2020-09-14,Artemether-Lumefantrine (AL),0,0,0,0,1
2020-09-21,Artemether-Lumefantrine (AL),0,1679,127,1552,0
2020-09-28,Artemether-Lumefantrine (AL),1552,0,187,1365,0
2020-10-05,Artemether-Lumefantrine (AL),1365,0,148,1217,0
2020-10-12,Artemether-Lumefantrine (AL),1217,0,222,995,0
2020-10-19,Artemether-Lumefantrine (AL),995,0,212,783,0
2020-10-26,Artemether-Lumefantrine (AL),783,0,141,642,0
2020-11-02,Artemether-Lumefantrine (AL),642,0,242,400,0
2020-11-09,Artemether-Lumefantrine (AL),400,0,182,218,0
2020-11-16,Artemether-Lumefantrine (AL),218,0,185,33,0
2020-11-23,Artemether-Lumefantrine (AL),33,1595,149,1479,0
2020-11-30,Artemether-Lumefantrine (AL),1479,0,135,1344,0
2020-12-07,Artemether-Lumefantrine (AL),1344,0,173,1171,0
2020-12-14,Artemether-Lumefantrine (AL),1171,0,190,981,0
2020-12-21,Artemether-Lumefantrine (AL),981,0,235,746,0
2020-12-28,Artemether-Lumefantrine (AL),746,0,228,518,0
2021-01-04,Artemether-Lumefantrine (AL),518,0,129,389,0
2021-01-11,Artemether-Lumefantrine (AL),389,0,139,250,0
2021-01-18,Artemether-Lumefantrine (AL),250,0,139,111,0
2021-01-25,Artemether-Lumefantrine (AL),111,1616,147,1580,0
2021-02-01,Artemether-Lumefantrine (AL),1580,0,88,1492,0
2021-02-08,Artemether-Lumefantrine (AL),1492,0,157,1335,0
2021-02-15,Artemether-Lumefantrine (AL),1335,0,163,1172,0
2021-02-22,Artemether-Lumefantrine (AL),1172,0,82,1090,0
2021-03-01,Artemether-Lumefantrine (AL),1090,0,156,934,0
2021-03-08,Artemether-Lumefantrine (AL),934,0,148,786,0
2021-03-15,Artemether-Lumefantrine (AL),786,0,140,646,0
2021-03-22,Artemether-Lumefantrine (AL),646,0,154,492,0
2021-03-29,Artemether-Lumefantrine (AL),492,0,208,284,0
2021-04-05,Artemether-Lumefantrine (AL),284,0,99,185,0
2021-04-12,Artemether-Lumefantrine (AL),185,1788,181,1792,0
2021-04-19,Artemether-Lumefantrine (AL),1792,0,223,1569,0
2021-04-26,Artemether-Lumefantrine (AL),1569,0,274,1295,0
2021-05-03,Artemether-Lumefantrine (AL),1295,0,274,1021,0
2021-05-10,Artemether-Lumefantrine (AL),1021,0,199,822,0
2021-05-17,Artemether-Lumefantrine (AL),822,0,168,654,0
2021-05-24,Artemether-Lumefantrine (AL),654,0,250,404,0
2021-05-31,Artemether-Lumefantrine (AL),404,0,273,131,0
2021-06-07,Artemether-Lumefantrine (AL),131,0,131,0,1
2021-06-14,Artemether-Lumefantrine (AL),0,0,0,0,1
2021-06-21,Artemether-Lumefantrine (AL),0,0,0,0,1
2021-06-28,Artemether-Lumefantrine (AL),0,0,0,0,1
2021-07-05,Artemether-Lumefantrine (AL),0,1665,226,1439,0
2021-07-12,Artemether-Lumefantrine (AL),1439,0,144,1295,0
2021-07-19,Artemether-Lumefantrine (AL),1295,0,154,1141,0
2021-07-26,Artemether-Lumefantrine (AL),1141,0,159,982,0
2021-08-02,Artemether-Lumefantrine (AL),982,0,220,762,0
2021-08-09,Artemether-Lumefantrine (AL),762,0,251,511,0
2021-08-16,Artemether-Lumefantrine (AL),511,0,228,283,0
2021-08-23,Artemether-Lumefantrine (AL),283,0,159,124,0
2021-08-30,Artemether-Lumefantrine (AL),124,0,124,0,1
2021-09-06,Artemether-Lumefantrine (AL),0,0,0,0,1
2021-09-13,Artemether-Lumefantrine (AL),0,1521,102,1419,0
2021-09-20,Artemether-Lumefantrine (AL),1419,0,167,1252,0
2021-09-27,Artemether-Lumefantrine (AL),1252,0,90,1162,0
2021-10-04,Artemether-Lumefantrine (AL),1162,0,166,996,0
2021-10-11,Artemether-Lumefantrine (AL),996,0,139,857,0
2021-10-18,Artemether-Lumefantrine (AL),857,0,237,620,0
2021-10-25,Artemether-Lumefantrine (AL),620,0,242,378,0
2021-11-01,Artemether-Lumefantrine (AL),378,0,246,132,0
2021-11-08,Artemether-Lumefantrine (AL),132,1541,156,1517,0
2021-11-15,Artemether-Lumefantrine (AL),1517,0,249,1268,0
2021-11-22,Artemether-Lumefantrine (AL),1268,0,77,1191,0
2021-11-29,Artemether-Lumefantrine (AL),1191,0,227,964,0
2021-12-06,Artemether-Lumefantrine (AL),964,0,271,693,0
2021-12-13,Artemether-Lumefantrine (AL),693,0,229,464,0
2021-12-20,Artemether-Lumefantrine (AL),464,0,194,270,0
2021-12-27,Artemether-Lumefantrine (AL),270,0,225,45,0
2022-01-03,Artemether-Lumefantrine (AL),45,0,45,0,1
2022-01-10,Artemether-Lumefantrine (AL),0,1769,118,1651,0
2022-01-17,Artemether-Lumefantrine (AL),1651,0,114,1537,0
2022-01-24,Artemether-Lumefantrine (AL),1537,0,138,1399,0
2022-01-31,Artemether-Lumefantrine (AL),1399,0,122,1277,0
2022-02-07,Artemether-Lumefantrine (AL),1277,0,106,1171,0
2022-02-14,Artemether-Lumefantrine (AL),1171,0,110,1061,0
2022-02-21,Artemether-Lumefantrine (AL),1061,0,174,887,0
2022-02-28,Artemether-Lumefantrine (AL),887,0,153,734,0
2022-03-07,Artemether-Lumefantrine (AL),734,0,90,644,0
2022-03-14,Artemether-Lumefantrine (AL),644,0,119,525,0
2022-03-21,Artemether-Lumefantrine (AL),525,0,152,373,0
2022-03-28,Artemether-Lumefantrine (AL),373,0,119,254,0
2022-04-04,Artemether-Lumefantrine (AL),254,2073,123,2204,0
2022-04-11,Artemether-Lumefantrine (AL),2204,0,148,2056,0
2022-04-18,Artemether-Lumefantrine (AL),2056,0,189,1867,0
2022-04-25,Artemether-Lumefantrine (AL),1867,0,226,1641,0
2022-05-02,Artemether-Lumefantrine (AL),1641,0,236,1405,0
2022-05-09,Artemether-Lumefantrine (AL),1405,0,189,1216,0
2022-05-16,Artemether-Lumefantrine (AL),1216,0,172,1044,0
2022-05-23,Artemether-Lumefantrine (AL),1044,0,201,843,0
2022-05-30,Artemether-Lumefantrine (AL),843,0,294,549,0
2022-06-06,Artemether-Lumefantrine (AL),549,0,214,335,0
2022-06-13,Artemether-Lumefantrine (AL),335,0,206,129,0
2022-06-20,Artemether-Lumefantrine (AL),129,0,129,0,1
2022-06-27,Artemether-Lumefantrine (AL),0,0,0,0,1
2022-07-04,Artemether-Lumefantrine (AL),0,1744,191,1553,0
2022-07-11,Artemether-Lumefantrine (AL),1553,0,228,1325,0
2022-07-18,Artemether-Lumefantrine (AL),1325,0,185,1140,0
2022-07-25,Artemether-Lumefantrine (AL),1140,0,263,877,0
2022-08-01,Artemether-Lumefantrine (AL),877,0,219,658,0
2022-08-08,Artemether-Lumefantrine (AL),658,0,200,458,0
2022-08-15,Artemether-Lumefantrine (AL),458,0,189,269,0
2022-08-22,Artemether-Lumefantrine (AL),269,0,234,35,0
2022-08-29,Artemether-Lumefantrine (AL),35,0,35,0,1
2022-09-05,Artemether-Lumefantrine (AL),0,1635,176,1459,0
2022-09-12,Artemether-Lumefantrine (AL),1459,0,171,1288,0
2022-09-19,Artemether-Lumefantrine (AL),1288,0,175,1113,0
2022-09-26,Artemether-Lumefantrine (AL),1113,0,87,1026,0
2022-10-03,Artemether-Lumefantrine (AL),1026,0,137,889,0
2022-10-10,Artemether-Lumefantrine (AL),889,0,221,668,0
2022-10-17,Artemether-Lumefantrine (AL),668,0,246,422,0
2022-10-24,Artemether-Lumefantrine (AL),422,0,177,245,0
2022-10-31,Artemether-Lumefantrine (AL),245,0,188,57,0
2022-11-07,Artemether-Lumefantrine (AL),57,1847,229,1675,0
2022-11-14,Artemether-Lumefantrine (AL),1675,0,202,1473,0
2022-11-21,Artemether-Lumefantrine (AL),1473,0,225,1248,0
2022-11-28,Artemether-Lumefantrine (AL),1248,0,188,1060,0
2022-12-05,Artemether-Lumefantrine (AL),1060,0,238,822,0
2022-12-12,Artemether-Lumefantrine (AL),822,0,155,667,0
2022-12-19,Artemether-Lumefantrine (AL),667,0,180,487,0
2022-12-26,Artemether-Lumefantrine (AL),487,0,244,243,0
2020-01-06,Cotrimoxazole,2768,0,147,2621,0
2020-01-13,Cotrimoxazole,2621,0,162,2459,0
2020-01-20,Cotrimoxazole,2459,0,265,2194,0
2020-01-27,Cotrimoxazole,2194,0,200,1994,0
2020-02-03,Cotrimoxazole,1994,0,223,1771,0
2020-02-10,Cotrimoxazole,1771,0,168,1603,0
2020-02-17,Cotrimoxazole,1603,0,205,1398,0
2020-02-24,Cotrimoxazole,1398,0,119,1279,0
2020-03-02,Cotrimoxazole,1279,0,165,1114,0
2020-03-09,Cotrimoxazole,1114,0,207,907,0
2020-03-16,Cotrimoxazole,907,0,174,733,0
2020-03-23,Cotrimoxazole,733,0,154,579,0
2020-03-30,Cotrimoxazole,579,0,161,418,0
2020-04-06,Cotrimoxazole,418,1197,149,1466,0
2020-04-13,Cotrimoxazole,1466,0,199,1267,0
2020-04-20,Cotrimoxazole,1267,0,186,1081,0
2020-04-27,Cotrimoxazole,1081,0,269,812,0
2020-05-04,Cotrimoxazole,812,0,200,612,0
2020-05-11,Cotrimoxazole,612,0,307,305,0
2020-05-18,Cotrimoxazole,305,0,219,86,0
2020-05-25,Cotrimoxazole,86,1328,231,1183,0
2020-06-01,Cotrimoxazole,1183,0,192,991,0
2020-06-08,Cotrimoxazole,991,0,170,821,0
2020-06-15,Cotrimoxazole,821,0,177,644,0
2020-06-22,Cotrimoxazole,644,0,267,377,0
2020-06-29,Cotrimoxazole,377,0,217,160,0
2020-07-06,Cotrimoxazole,160,0,150,10,0
2020-07-13,Cotrimoxazole,10,1774,235,1549,0
2020-07-20,Cotrimoxazole,1549,0,195,1354,0
2020-07-27,Cotrimoxazole,1354,0,204,1150,0
2020-08-03,Cotrimoxazole,1150,0,220,930,0
2020-08-10,Cotrimoxazole,930,0,213,717,0
2020-08-17,Cotrimoxazole,717,0,133,584,0
2020-08-24,Cotrimoxazole,584,0,258,326,0
2020-08-31,Cotrimoxazole,326,1445,163,1608,0
2020-09-07,Cotrimoxazole,1608,0,191,1417,0
2020-09-14,Cotrimoxazole,1417,0,212,1205,0
2020-09-21,Cotrimoxazole,1205,0,132,1073,0
2020-09-28,Cotrimoxazole,1073,0,221,852,0
2020-10-05,Cotrimoxazole,852,0,156,696,0
2020-10-12,Cotrimoxazole,696,0,218,478,0
2020-10-19,Cotrimoxazole,478,0,209,269,0
2020-10-26,Cotrimoxazole,269,987,237,1019,0
2020-11-02,Cotrimoxazole,1019,0,247,772,0
2020-11-09,Cotrimoxazole,772,0,173,599,0
2020-11-16,Cotrimoxazole,599,0,178,421,0
2020-11-23,Cotrimoxazole,421,0,213,208,0
2020-11-30,Cotrimoxazole,208,0,208,0,1
2020-12-07,Cotrimoxazole,0,1576,179,1397,0
2020-12-14,Cotrimoxazole,1397,0,203,1194,0
2020-12-21,Cotrimoxazole,1194,0,237,957,0
2020-12-28,Cotrimoxazole,957,0,136,821,0
2021-01-04,Cotrimoxazole,821,0,117,704,0
2021-01-11,Cotrimoxazole,704,0,160,544,0
2021-01-18,Cotrimoxazole,544,0,216,328,0
2021-01-25,Cotrimoxazole,328,0,203,125,0
2021-02-01,Cotrimoxazole,125,0,125,0,1
2021-02-08,Cotrimoxazole,0,1638,221,1417,0
2021-02-15,Cotrimoxazole,1417,0,217,1200,0
2021-02-22,Cotrimoxazole,1200,0,156,1044,0
2021-03-01,Cotrimoxazole,1044,0,141,903,0
2021-03-08,Cotrimoxazole,903,0,195,708,0
2021-03-15,Cotrimoxazole,708,0,165,543,0
2021-03-22,Cotrimoxazole,543,0,166,377,0
2021-03-29,Cotrimoxazole,377,1178,192,1363,0
2021-04-05,Cotrimoxazole,1363,0,148,1215,0
2021-04-12,Cotrimoxazole,1215,0,130,1085,0
2021-04-19,Cotrimoxazole,1085,0,311,774,0
2021-04-26,Cotrimoxazole,774,0,205,569,0
2021-05-03,Cotrimoxazole,569,0,227,342,0
2021-05-10,Cotrimoxazole,342,1232,257,1317,0
2021-05-17,Cotrimoxazole,1317,0,281,1036,0
2021-05-24,Cotrimoxazole,1036,0,257,779,0
2021-05-31,Cotrimoxazole,779,0,192,587,0
2021-06-07,Cotrimoxazole,587,0,282,305,0
2021-06-14,Cotrimoxazole,305,0,271,34,0
2021-06-21,Cotrimoxazole,34,1559,275,1318,0
2021-06-28,Cotrimoxazole,1318,0,256,1062,0
2021-07-05,Cotrimoxazole,1062,0,270,792,0
2021-07-12,Cotrimoxazole,792,0,264,528,0
2021-07-19,Cotrimoxazole,528,0,231,297,0
2021-07-26,Cotrimoxazole,297,0,245,52,0
2021-08-02,Cotrimoxazole,52,0,52,0,1
2021-08-09,Cotrimoxazole,0,0,0,0,1
2021-08-16,Cotrimoxazole,0,0,0,0,1
2021-08-23,Cotrimoxazole,0,1277,192,1085,0
2021-08-30,Cotrimoxazole,1085,0,233,852,0
2021-09-06,Cotrimoxazole,852,0,273,579,0
2021-09-13,Cotrimoxazole,579,0,192,387,0
2021-09-20,Cotrimoxazole,387,0,102,285,0
2021-09-27,Cotrimoxazole,285,1510,195,1600,0
2021-10-04,Cotrimoxazole,1600,0,135,1465,0
2021-10-11,Cotrimoxazole,1465,0,178,1287,0
2021-10-18,Cotrimoxazole,1287,0,216,1071,0
2021-10-25,Cotrimoxazole,1071,0,154,917,0
2021-11-01,Cotrimoxazole,917,0,191,726,0
2021-11-08,Cotrimoxazole,726,0,291,435,0
2021-11-15,Cotrimoxazole,435,0,216,219,0
2021-11-22,Cotrimoxazole,219,0,219,0,1
2021-11-29,Cotrimoxazole,0,0,0,0,1
2021-12-06,Cotrimoxazole,0,0,0,0,1
2021-12-13,Cotrimoxazole,0,1130,222,908,0
2021-12-20,Cotrimoxazole,908,0,195,713,0
2021-12-27,Cotrimoxazole,713,0,226,487,0
2022-01-03,Cotrimoxazole,487,0,163,324,0
2022-01-10,Cotrimoxazole,324,0,181,143,0
2022-01-17,Cotrimoxazole,143,1687,223,1607,0
2022-01-24,Cotrimoxazole,1607,0,204,1403,0
2022-01-31,Cotrimoxazole,1403,0,142,1261,0
2022-02-07,Cotrimoxazole,1261,0,182,1079,0
2022-02-14,Cotrimoxazole,1079,0,102,977,0
2022-02-21,Cotrimoxazole,977,0,130,847,0
2022-02-28,Cotrimoxazole,847,0,109,738,0
2022-03-07,Cotrimoxazole,738,0,163,575,0
2022-03-14,Cotrimoxazole,575,0,129,446,0
2022-03-21,Cotrimoxazole,446,0,173,273,0
2022-03-28,Cotrimoxazole,273,1192,202,1263,0
2022-04-04,Cotrimoxazole,1263,0,113,1150,0
2022-04-11,Cotrimoxazole,1150,0,215,935,0
2022-04-18,Cotrimoxazole,935,0,291,644,0
2022-04-25,Cotrimoxazole,644,0,271,373,0
2022-05-02,Cotrimoxazole,373,0,240,133,0
2022-05-09,Cotrimoxazole,133,0,133,0,1
2022-05-16,Cotrimoxazole,0,0,0,0,1
2022-05-23,Cotrimoxazole,0,0,0,0,1
2022-05-30,Cotrimoxazole,0,1332,242,1090,0
2022-06-06,Cotrimoxazole,1090,0,172,918,0
2022-06-13,Cotrimoxazole,918,0,231,687,0
2022-06-20,Cotrimoxazole,687,0,139,548,0
2022-06-27,Cotrimoxazole,548,0,257,291,0
2022-07-04,Cotrimoxazole,291,0,189,102,0
2022-07-11,Cotrimoxazole,102,0,102,0,1
2022-07-18,Cotrimoxazole,0,1505,197,1308,0
2022-07-25,Cotrimoxazole,1308,0,217,1091,0
2022-08-01,Cotrimoxazole,1091,0,351,740,0
2022-08-08,Cotrimoxazole,740,0,219,521,0
2022-08-15,Cotrimoxazole,521,0,223,298,0
2022-08-22,Cotrimoxazole,298,0,205,93,0
2022-08-29,Cotrimoxazole,93,1504,228,1369,0
2022-09-05,Cotrimoxazole,1369,0,225,1144,0
2022-09-12,Cotrimoxazole,1144,0,162,982,0
2022-09-19,Cotrimoxazole,982,0,117,865,0
2022-09-26,Cotrimoxazole,865,0,118,747,0
2022-10-03,Cotrimoxazole,747,0,152,595,0
2022-10-10,Cotrimoxazole,595,0,180,415,0
2022-10-17,Cotrimoxazole,415,0,305,110,0
2022-10-24,Cotrimoxazole,110,1451,252,1309,0
2022-10-31,Cotrimoxazole,1309,0,306,1003,0
2022-11-07,Cotrimoxazole,1003,0,191,812,0
2022-11-14,Cotrimoxazole,812,0,240,572,0
2022-11-21,Cotrimoxazole,572,0,167,405,0
2022-11-28,Cotrimoxazole,405,0,293,112,0
2022-12-05,Cotrimoxazole,112,0,112,0,1
2022-12-12,Cotrimoxazole,0,0,0,0,1
2022-12-19,Cotrimoxazole,0,1286,206,1080,0
2022-12-26,Cotrimoxazole,1080,0,153,927,0
2020-01-06,Ferrous Folate,2282,0,107,2175,0
2020-01-13,Ferrous Folate,2175,0,166,2009,0
2020-01-20,Ferrous Folate,2009,0,227,1782,0
2020-01-27,Ferrous Folate,1782,0,187,1595,0
2020-02-03,Ferrous Folate,1595,0,127,1468,0
2020-02-10,Ferrous Folate,1468,0,179,1289,0
2020-02-17,Ferrous Folate,1289,0,159,1130,0
2020-02-24,Ferrous Folate,1130,0,164,966,0
2020-03-02,Ferrous Folate,966,0,130,836,0
2020-03-09,Ferrous Folate,836,0,187,649,0
2020-03-16,Ferrous Folate,649,0,201,448,0
2020-03-23,Ferrous Folate,448,0,221,227,0
2020-03-30,Ferrous Folate,227,814,244,797,0
2020-04-06,Ferrous Folate,797,0,148,649,0
2020-04-13,Ferrous Folate,649,0,118,531,0
2020-04-20,Ferrous Folate,531,1485,214,1802,0
2020-04-27,Ferrous Folate,1802,0,276,1526,0
2020-05-04,Ferrous Folate,1526,0,254,1272,0
2020-05-11,Ferrous Folate,1272,0,137,1135,0
2020-05-18,Ferrous Folate,1135,0,225,910,0
2020-05-25,Ferrous Folate,910,0,179,731,0
2020-06-01,Ferrous Folate,731,0,164,567,0
2020-06-08,Ferrous Folate,567,0,169,398,0
2020-06-15,Ferrous Folate,398,0,257,141,0
2020-06-22,Ferrous Folate,141,1010,229,922,0
2020-06-29,Ferrous Folate,922,0,279,643,0
2020-07-06,Ferrous Folate,643,0,274,369,0
2020-07-13,Ferrous Folate,369,0,283,86,0
2020-07-20,Ferrous Folate,86,0,86,0,1
2020-07-27,Ferrous Folate,0,0,0,0,1
2020-08-03,Ferrous Folate,0,0,0,0,1
2020-08-10,Ferrous Folate,0,0,0,0,1
2020-08-17,Ferrous Folate,0,1639,258,1381,0
2020-08-24,Ferrous Folate,1381,0,229,1152,0
2020-08-31,Ferrous Folate,1152,0,245,907,0
2020-09-07,Ferrous Folate,907,0,143,764,0
2020-09-14,Ferrous Folate,764,0,126,638,0
2020-09-21,Ferrous Folate,638,0,118,520,0
2020-09-28,Ferrous Folate,520,0,129,391,0
2020-10-05,Ferrous Folate,391,1130,176,1345,0
2020-10-12,Ferrous Folate,1345,0,175,1170,0
2020-10-19,Ferrous Folate,1170,0,228,942,0
2020-10-26,Ferrous Folate,942,0,233,709,0
2020-11-02,Ferrous Folate,709,0,256,453,0
2020-11-09,Ferrous Folate,453,0,167,286,0
2020-11-16,Ferrous Folate,286,0,189,97,0
2020-11-23,Ferrous Folate,97,0,97,0,1
2020-11-30,Ferrous Folate,0,1340,221,1119,0
2020-12-07,Ferrous Folate,1119,0,266,853,0
2020-12-14,Ferrous Folate,853,0,193,660,0
2020-12-21,Ferrous Folate,660,0,173,487,0
2020-12-28,Ferrous Folate,487,0,216,271,0
2021-01-04,Ferrous Folate,271,0,86,185,0
2021-01-11,Ferrous Folate,185,0,163,22,0
2021-01-18,Ferrous Folate,22,0,22,0,1
2021-01-25,Ferrous Folate,0,1163,192,971,0
2021-02-01,Ferrous Folate,971,0,171,800,0
2021-02-08,Ferrous Folate,800,0,153,647,0
2021-02-15,Ferrous Folate,647,0,130,517,0
2021-02-22,Ferrous Folate,517,0,159,358,0
2021-03-01,Ferrous Folate,358,0,89,269,0
2021-03-08,Ferrous Folate,269,0,177,92,0
2021-03-15,Ferrous Folate,92,1311,204,1199,0
2021-03-22,Ferrous Folate,1199,0,221,978,0
2021-03-29,Ferrous Folate,978,0,147,831,0
2021-04-05,Ferrous Folate,831,0,102,729,0
2021-04-12,Ferrous Folate,729,0,140,589,0
2021-04-19,Ferrous Folate,589,0,218,371,0
2021-04-26,Ferrous Folate,371,1083,243,1211,0
2021-05-03,Ferrous Folate,1211,0,342,869,0
2021-05-10,Ferrous Folate,869,0,263,606,0
2021-05-17,Ferrous Folate,606,0,187,419,0
2021-05-24,Ferrous Folate,419,0,252,167,0
2021-05-31,Ferrous Folate,167,0,167,0,1
2021-06-07,Ferrous Folate,0,1071,355,716,0
2021-06-14,Ferrous Folate,716,0,153,563,0
2021-06-21,Ferrous Folate,563,0,210,353,0
2021-06-28,Ferrous Folate,353,1566,193,1726,0
2021-07-05,Ferrous Folate,1726,0,256,1470,0
2021-07-12,Ferrous Folate,1470,0,280,1190,0
2021-07-19,Ferrous Folate,1190,0,113,1077,0
2021-07-26,Ferrous Folate,1077,0,193,884,0
2021-08-02,Ferrous Folate,884,0,176,708,0
2021-08-09,Ferrous Folate,708,0,254,454,0
2021-08-16,Ferrous Folate,454,0,258,196,0
2021-08-23,Ferrous Folate,196,0,196,0,1
2021-08-30,Ferrous Folate,0,812,159,653,0
2021-09-06,Ferrous Folate,653,0,261,392,0
2021-09-13,Ferrous Folate,392,0,162,230,0
2021-09-20,Ferrous Folate,230,0,153,77,0
2021-09-27,Ferrous Folate,77,1629,143,1563,0
2021-10-04,Ferrous Folate,1563,0,185,1378,0
2021-10-11,Ferrous Folate,1378,0,241,1137,0
2021-10-18,Ferrous Folate,1137,0,141,996,0
2021-10-25,Ferrous Folate,996,0,276,720,0
2021-11-01,Ferrous Folate,720,0,260,460,0
2021-11-08,Ferrous Folate,460,0,191,269,0
2021-11-15,Ferrous Folate,269,0,256,13,0
2021-11-22,Ferrous Folate,13,904,181,736,0
2021-11-29,Ferrous Folate,736,0,241,495,0
2021-12-06,Ferrous Folate,495,0,199,296,0
2021-12-13,Ferrous Folate,296,0,256,40,0
2021-12-20,Ferrous Folate,40,0,40,0,1
2021-12-27,Ferrous Folate,0,0,0,0,1
2022-01-03,Ferrous Folate,0,1546,104,1442,0
2022-01-10,Ferrous Folate,1442,0,257,1185,0
2022-01-17,Ferrous Folate,1185,0,171,1014,0
2022-01-24,Ferrous Folate,1014,0,147,867,0
2022-01-31,Ferrous Folate,867,0,201,666,0
2022-02-07,Ferrous Folate,666,0,190,476,0
2022-02-14,Ferrous Folate,476,0,151,325,0
2022-02-21,Ferrous Folate,325,0,186,139,0
2022-02-28,Ferrous Folate,139,0,139,0,1
2022-03-07,Ferrous Folate,0,1097,136,961,0
2022-03-14,Ferrous Folate,961,0,130,831,0
2022-03-21,Ferrous Folate,831,0,140,691,0
2022-03-28,Ferrous Folate,691,0,111,580,0
2022-04-04,Ferrous Folate,580,0,177,403,0
2022-04-11,Ferrous Folate,403,0,169,234,0
2022-04-18,Ferrous Folate,234,1321,207,1348,0
2022-04-25,Ferrous Folate,1348,0,212,1136,0
2022-05-02,Ferrous Folate,1136,0,269,867,0
2022-05-09,Ferrous Folate,867,0,237,630,0
2022-05-16,Ferrous Folate,630,0,270,360,0
2022-05-23,Ferrous Folate,360,0,246,114,0
2022-05-30,Ferrous Folate,114,1146,367,893,0
2022-06-06,Ferrous Folate,893,0,244,649,0
2022-06-13,Ferrous Folate,649,0,263,386,0
2022-06-20,Ferrous Folate,386,0,321,65,0
2022-06-27,Ferrous Folate,65,1389,234,1220,0
2022-07-04,Ferrous Folate,1220,0,253,967,0
2022-07-11,Ferrous Folate,967,0,211,756,0
2022-07-18,Ferrous Folate,756,0,234,522,0
2022-07-25,Ferrous Folate,522,0,210,312,0
2022-08-01,Ferrous Folate,312,0,222,90,0
2022-08-08,Ferrous Folate,90,0,90,0,1
2022-08-15,Ferrous Folate,0,0,0,0,1
2022-08-22,Ferrous Folate,0,0,0,0,1
2022-08-29,Ferrous Folate,0,1315,300,1015,0
2022-09-05,Ferrous Folate,1015,0,201,814,0
2022-09-12,Ferrous Folate,814,0,115,699,0
2022-09-19,Ferrous Folate,699,0,183,516,0
2022-09-26,Ferrous Folate,516,0,175,341,0
2022-10-03,Ferrous Folate,341,0,210,131,0
2022-10-10,Ferrous Folate,131,0,131,0,1
2022-10-17,Ferrous Folate,0,0,0,0,1
2022-10-24,Ferrous Folate,0,1267,207,1060,0
2022-10-31,Ferrous Folate,1060,0,192,868,0
2022-11-07,Ferrous Folate,868,0,258,610,0
2022-11-14,Ferrous Folate,610,0,216,394,0
2022-11-21,Ferrous Folate,394,0,119,275,0
2022-11-28,Ferrous Folate,275,1414,151,1538,0
2022-12-05,Ferrous Folate,1538,0,252,1286,0
2022-12-12,Ferrous Folate,1286,0,246,1040,0
2022-12-19,Ferrous Folate,1040,0,223,817,0
2022-12-26,Ferrous Folate,817,0,225,592,0
2020-01-06,Insulin,2280,0,132,2148,0
2020-01-13,Insulin,2148,0,243,1905,0
2020-01-20,Insulin,1905,0,227,1678,0
2020-01-27,Insulin,1678,0,268,1410,0
2020-02-03,Insulin,1410,0,203,1207,0
2020-02-10,Insulin,1207,0,183,1024,0
2020-02-17,Insulin,1024,0,255,769,0
2020-02-24,Insulin,769,0,215,554,0
2020-03-02,Insulin,554,0,184,370,0
2020-03-09,Insulin,370,2593,145,2818,0
2020-03-16,Insulin,2818,0,176,2642,0
2020-03-23,Insulin,2642,0,196,2446,0
2020-03-30,Insulin,2446,0,191,2255,0
2020-04-06,Insulin,2255,0,183,2072,0
2020-04-13,Insulin,2072,0,145,1927,0
2020-04-20,Insulin,1927,0,204,1723,0
2020-04-27,Insulin,1723,0,284,1439,0
2020-05-04,Insulin,1439,0,250,1189,0
2020-05-11,Insulin,1189,0,316,873,0
2020-05-18,Insulin,873,0,249,624,0
2020-05-25,Insulin,624,0,334,290,0
2020-06-01,Insulin,290,0,206,84,0
2020-06-08,Insulin,84,0,84,0,1
2020-06-15,Insulin,0,2077,358,1719,0
2020-06-22,Insulin,1719,0,267,1452,0
2020-06-29,Insulin,1452,0,313,1139,0
2020-07-06,Insulin,1139,0,238,901,0
2020-07-13,Insulin,901,0,217,684,0
2020-07-20,Insulin,684,0,236,448,0
2020-07-27,Insulin,448,0,249,199,0
2020-08-03,Insulin,199,0,199,0,1
2020-08-10,Insulin,0,0,0,0,1
2020-08-17,Insulin,0,2348,267,2081,0
2020-08-24,Insulin,2081,0,144,1937,0
2020-08-31,Insulin,1937,0,292,1645,0
2020-09-07,Insulin,1645,0,208,1437,0
2020-09-14,Insulin,1437,0,211,1226,0
2020-09-21,Insulin,1226,0,186,1040,0
2020-09-28,Insulin,1040,0,191,849,0
2020-10-05,Insulin,849,0,204,645,0
2020-10-12,Insulin,645,0,251,394,0
2020-10-19,Insulin,394,2155,222,2327,0
2020-10-26,Insulin,2327,0,207,2120,0
2020-11-02,Insulin,2120,0,250,1870,0
2020-11-09,Insulin,1870,0,212,1658,0
2020-11-16,Insulin,1658,0,208,1450,0
2020-11-23,Insulin,1450,0,212,1238,0
2020-11-30,Insulin,1238,0,206,1032,0
2020-12-07,Insulin,1032,0,203,829,0
2020-12-14,Insulin,829,0,178,651,0
2020-12-21,Insulin,651,0,312,339,0
2020-12-28,Insulin,339,2142,206,2275,0
2021-01-04,Insulin,2275,0,173,2102,0
2021-01-11,Insulin,2102,0,168,1934,0
2021-01-18,Insulin,1934,0,267,1667,0
2021-01-25,Insulin,1667,0,156,1511,0
2021-02-01,Insulin,1511,0,225,1286,0
2021-02-08,Insulin,1286,0,163,1123,0
2021-02-15,Insulin,1123,0,213,910,0
2021-02-22,Insulin,910,0,188,722,0
2021-03-01,Insulin,722,0,141,581,0
2021-03-08,Insulin,581,0,148,433,0
2021-03-15,Insulin,433,0,217,216,0
2021-03-22,Insulin,216,0,141,75,0
2021-03-29,Insulin,75,2514,246,2343,0
2021-04-05,Insulin,2343,0,191,2152,0
2021-04-12,Insulin,2152,0,197,1955,0
2021-04-19,Insulin,1955,0,241,1714,0
2021-04-26,Insulin,1714,0,327,1387,0
2021-05-03,Insulin,1387,0,184,1203,0
2021-05-10,Insulin,1203,0,335,868,0
2021-05-17,Insulin,868,0,265,603,0
2021-05-24,Insulin,603,0,258,345,0
2021-05-31,Insulin,345,0,238,107,0
2021-06-07,Insulin,107,0,107,0,1
2021-06-14,Insulin,0,2086,312,1774,0
2021-06-21,Insulin,1774,0,227,1547,0
2021-06-28,Insulin,1547,0,218,1329,0
2021-07-05,Insulin,1329,0,238,1091,0
2021-07-12,Insulin,1091,0,291,800,0
2021-07-19,Insulin,800,0,328,472,0
2021-07-26,Insulin,472,0,234,238,0
2021-08-02,Insulin,238,0,238,0,1
2021-08-09,Insulin,0,0,0,0,1
2021-08-16,Insulin,0,2253,226,2027,0
2021-08-23,Insulin,2027,0,191,1836,0
2021-08-30,Insulin,1836,0,201,1635,0
2021-09-06,Insulin,1635,0,226,1409,0
2021-09-13,Insulin,1409,0,187,1222,0
2021-09-20,Insulin,1222,0,130,1092,0
2021-09-27,Insulin,1092,0,166,926,0
2021-10-04,Insulin,926,0,172,754,0
2021-10-11,Insulin,754,0,265,489,0
2021-10-18,Insulin,489,0,235,254,0
2021-10-25,Insulin,254,0,254,0,1
2021-11-01,Insulin,0,0,0,0,1
2021-11-08,Insulin,0,2165,209,1956,0
2021-11-15,Insulin,1956,0,241,1715,0
2021-11-22,Insulin,1715,0,302,1413,0
2021-11-29,Insulin,1413,0,146,1267,0
2021-12-06,Insulin,1267,0,191,1076,0
2021-12-13,Insulin,1076,0,298,778,0
2021-12-20,Insulin,778,0,244,534,0
2021-12-27,Insulin,534,0,230,304,0
2022-01-03,Insulin,304,0,198,106,0
2022-01-10,Insulin,106,0,49,57,0
2022-01-17,Insulin,57,0,57,0,1
2022-01-24,Insulin,0,2533,153,2380,0
2022-01-31,Insulin,2380,0,282,2098,0
2022-02-07,Insulin,2098,0,221,1877,0
2022-02-14,Insulin,1877,0,159,1718,0
2022-02-21,Insulin,1718,0,170,1548,0
2022-02-28,Insulin,1548,0,182,1366,0
2022-03-07,Insulin,1366,0,215,1151,0
2022-03-14,Insulin,1151,0,164,987,0
2022-03-21,Insulin,987,0,131,856,0
2022-03-28,Insulin,856,0,235,621,0
2022-04-04,Insulin,621,0,126,495,0
2022-04-11,Insulin,495,2082,185,2392,0
2022-04-18,Insulin,2392,0,232,2160,0
2022-04-25,Insulin,2160,0,337,1823,0
2022-05-02,Insulin,1823,0,166,1657,0
2022-05-09,Insulin,1657,0,215,1442,0
2022-05-16,Insulin,1442,0,365,1077,0
2022-05-23,Insulin,1077,0,155,922,0
2022-05-30,Insulin,922,0,270,652,0
2022-06-06,Insulin,652,0,140,512,0
2022-06-13,Insulin,512,0,211,301,0
2022-06-20,Insulin,301,1977,156,2122,0
2022-06-27,Insulin,2122,0,203,1919,0
2022-07-04,Insulin,1919,0,346,1573,0
2022-07-11,Insulin,1573,0,152,1421,0
2022-07-18,Insulin,1421,0,196,1225,0
2022-07-25,Insulin,1225,0,242,983,0
2022-08-01,Insulin,983,0,313,670,0
2022-08-08,Insulin,670,0,300,370,0
2022-08-15,Insulin,370,0,156,214,0
2022-08-22,Insulin,214,2379,229,2364,0
2022-08-29,Insulin,2364,0,283,2081,0
2022-09-05,Insulin,2081,0,250,1831,0
2022-09-12,Insulin,1831,0,181,1650,0
2022-09-19,Insulin,1650,0,53,1597,0
2022-09-26,Insulin,1597,0,236,1361,0
2022-10-03,Insulin,1361,0,210,1151,0
2022-10-10,Insulin,1151,0,322,829,0
2022-10-17,Insulin,829,0,252,577,0
2022-10-24,Insulin,577,0,219,358,0
2022-10-31,Insulin,358,2150,220,2288,0
2022-11-07,Insulin,2288,0,267,2021,0
2022-11-14,Insulin,2021,0,217,1804,0
2022-11-21,Insulin,1804,0,326,1478,0
2022-11-28,Insulin,1478,0,291,1187,0
2022-12-05,Insulin,1187,0,268,919,0
2022-12-12,Insulin,919,0,289,630,0
2022-12-19,Insulin,630,0,237,393,0
2022-12-26,Insulin,393,0,273,120,0
2020-01-06,Metformin,2410,0,267,2143,0
2020-01-13,Metformin,2143,0,249,1894,0
2020-01-20,Metformin,1894,0,229,1665,0
2020-01-27,Metformin,1665,0,257,1408,0
2020-02-03,Metformin,1408,0,304,1104,0
2020-02-10,Metformin,1104,0,236,868,0
2020-02-17,Metformin,868,0,268,600,0
2020-02-24,Metformin,600,0,193,407,0
2020-03-02,Metformin,407,0,166,241,0
2020-03-09,Metformin,241,0,241,0,1
2020-03-16,Metformin,0,2432,258,2174,0
2020-03-23,Metformin,2174,0,249,1925,0
2020-03-30,Metformin,1925,0,229,1696,0
2020-04-06,Metformin,1696,0,248,1448,0
2020-04-13,Metformin,1448,0,224,1224,0
2020-04-20,Metformin,1224,0,338,886,0
2020-04-27,Metformin,886,0,388,498,0
2020-05-04,Metformin,498,0,346,152,0
2020-05-11,Metformin,152,0,152,0,1
2020-05-18,Metformin,0,0,0,0,1
2020-05-25,Metformin,0,0,0,0,1
2020-06-01,Metformin,0,2873,318,2555,0
2020-06-08,Metformin,2555,0,433,2122,0
2020-06-15,Metformin,2122,0,357,1765,0
2020-06-22,Metformin,1765,0,392,1373,0
2020-06-29,Metformin,1373,0,254,1119,0
2020-07-06,Metformin,1119,0,383,736,0
2020-07-13,Metformin,736,0,312,424,0
2020-07-20,Metformin,424,0,191,233,0
2020-07-27,Metformin,233,0,233,0,1
2020-08-03,Metformin,0,0,0,0,1
2020-08-10,Metformin,0,0,0,0,1
2020-08-17,Metformin,0,0,0,0,1
2020-08-24,Metformin,0,2332,435,1897,0
2020-08-31,Metformin,1897,0,384,1513,0
2020-09-07,Metformin,1513,0,416,1097,0
2020-09-14,Metformin,1097,0,261,836,0
2020-09-21,Metformin,836,0,217,619,0
2020-09-28,Metformin,619,0,220,399,0
2020-10-05,Metformin,399,0,306,93,0
2020-10-12,Metformin,93,2584,378,2299,0
2020-10-19,Metformin,2299,0,354,1945,0
2020-10-26,Metformin,1945,0,326,1619,0
2020-11-02,Metformin,1619,0,267,1352,0
2020-11-09,Metformin,1352,0,317,1035,0
2020-11-16,Metformin,1035,0,370,665,0
2020-11-23,Metformin,665,0,309,356,0
2020-11-30,Metformin,356,2745,383,2718,0
2020-12-07,Metformin,2718,0,193,2525,0
2020-12-14,Metformin,2525,0,356,2169,0
2020-12-21,Metformin,2169,0,317,1852,0
2020-12-28,Metformin,1852,0,388,1464,0
2021-01-04,Metformin,1464,0,281,1183,0
2021-01-11,Metformin,1183,0,305,878,0
2021-01-18,Metformin,878,0,287,591,0
2021-01-25,Metformin,591,0,204,387,0
2021-02-01,Metformin,387,0,271,116,0
2021-02-08,Metformin,116,0,116,0,1
2021-02-15,Metformin,0,0,0,0,1
2021-02-22,Metformin,0,0,0,0,1
2021-03-01,Metformin,0,0,0,0,1
2021-03-08,Metformin,0,2633,282,2351,0
2021-03-15,Metformin,2351,0,252,2099,0
2021-03-22,Metformin,2099,0,302,1797,0
2021-03-29,Metformin,1797,0,246,1551,0
2021-04-05,Metformin,1551,0,248,1303,0
2021-04-12,Metformin,1303,0,288,1015,0
2021-04-19,Metformin,1015,0,400,615,0
2021-04-26,Metformin,615,0,240,375,0
2021-05-03,Metformin,375,0,362,13,0
2021-05-10,Metformin,13,0,13,0,1
2021-05-17,Metformin,0,0,0,0,1
2021-05-24,Metformin,0,0,0,0,1
2021-05-31,Metformin,0,1998,327,1671,0
2021-06-07,Metformin,1671,0,414,1257,0
2021-06-14,Metformin,1257,0,462,795,0
2021-06-21,Metformin,795,0,325,470,0
2021-06-28,Metformin,470,0,447,23,0
2021-07-05,Metformin,23,0,23,0,1
2021-07-12,Metformin,0,0,0,0,1
2021-07-19,Metformin,0,2426,338,2088,0
2021-07-26,Metformin,2088,0,310,1778,0
2021-08-02,Metformin,1778,0,366,1412,0
2021-08-09,Metformin,1412,0,238,1174,0
2021-08-16,Metformin,1174,0,293,881,0
2021-08-23,Metformin,881,0,315,566,0
2021-08-30,Metformin,566,0,390,176,0
2021-09-06,Metformin,176,2685,362,2499,0
2021-09-13,Metformin,2499,0,192,2307,0
2021-09-20,Metformin,2307,0,199,2108,0
2021-09-27,Metformin,2108,0,245,1863,0
2021-10-04,Metformin,1863,0,156,1707,0
2021-10-11,Metformin,1707,0,442,1265,0
2021-10-18,Metformin,1265,0,322,943,0
2021-10-25,Metformin,943,0,195,748,0
2021-11-01,Metformin,748,0,276,472,0
2021-11-08,Metformin,472,2832,349,2955,0
2021-11-15,Metformin,2955,0,351,2604,0
2021-11-22,Metformin,2604,0,355,2249,0
2021-11-29,Metformin,2249,0,357,1892,0
2021-12-06,Metformin,1892,0,352,1540,0
2021-12-13,Metformin,1540,0,407,1133,0
2021-12-20,Metformin,1133,0,362,771,0
2021-12-27,Metformin,771,0,195,576,0
2022-01-03,Metformin,576,0,242,334,0
2022-01-10,Metformin,334,0,243,91,0
2022-01-17,Metformin,91,0,91,0,1
2022-01-24,Metformin,0,0,0,0,1
2022-01-31,Metformin,0,2964,328,2636,0
2022-02-07,Metformin,2636,0,282,2354,0
2022-02-14,Metformin,2354,0,249,2105,0
2022-02-21,Metformin,2105,0,292,1813,0
2022-02-28,Metformin,1813,0,248,1565,0
2022-03-07,Metformin,1565,0,203,1362,0
2022-03-14,Metformin,1362,0,284,1078,0
2022-03-21,Metformin,1078,0,239,839,0
2022-03-28,Metformin,839,0,262,577,0
2022-04-04,Metformin,577,0,203,374,0
2022-04-11,Metformin,374,1992,280,2086,0
2022-04-18,Metformin,2086,0,263,1823,0
2022-04-25,Metformin,1823,0,363,1460,0
2022-05-02,Metformin,1460,0,258,1202,0
2022-05-09,Metformin,1202,0,326,876,0
2022-05-16,Metformin,876,0,375,501,0
2022-05-23,Metformin,501,0,360,141,0
2022-05-30,Metformin,141,0,141,0,1
2022-06-06,Metformin,0,0,0,0,1
2022-06-13,Metformin,0,2637,313,2324,0
2022-06-20,Metformin,2324,0,343,1981,0
2022-06-27,Metformin,1981,0,365,1616,0
2022-07-04,Metformin,1616,0,357,1259,0
2022-07-11,Metformin,1259,0,389,870,0
2022-07-18,Metformin,870,0,367,503,0
2022-07-25,Metformin,503,0,337,166,0
2022-08-01,Metformin,166,0,166,0,1
2022-08-08,Metformin,0,1773,269,1504,0
2022-08-15,Metformin,1504,0,358,1146,0
2022-08-22,Metformin,1146,0,237,909,0
2022-08-29,Metformin,909,0,317,592,0
2022-09-05,Metformin,592,0,279,313,0
2022-09-12,Metformin,313,0,284,29,0
2022-09-19,Metformin,29,0,29,0,1
2022-09-26,Metformin,0,0,0,0,1
2022-10-03,Metformin,0,0,0,0,1
2022-10-10,Metformin,0,0,0,0,1
2022-10-17,Metformin,0,2593,409,2184,0
2022-10-24,Metformin,2184,0,222,1962,0
2022-10-31,Metformin,1962,0,341,1621,0
2022-11-07,Metformin,1621,0,335,1286,0
2022-11-14,Metformin,1286,0,347,939,0
2022-11-21,Metformin,939,0,297,642,0
2022-11-28,Metformin,642,0,273,369,0
2022-12-05,Metformin,369,0,369,0,1
2022-12-12,Metformin,0,2135,430,1705,0
2022-12-19,Metformin,1705,0,398,1307,0
2022-12-26,Metformin,1307,0,444,863,0
2020-01-06,ORS Sachets,2340,0,163,2177,0
2020-01-13,ORS Sachets,2177,0,183,1994,0
2020-01-20,ORS Sachets,1994,0,219,1775,0
2020-01-27,ORS Sachets,1775,0,166,1609,0
2020-02-03,ORS Sachets,1609,0,144,1465,0
2020-02-10,ORS Sachets,1465,0,134,1331,0
2020-02-17,ORS Sachets,1331,0,208,1123,0
2020-02-24,ORS Sachets,1123,0,196,927,0
2020-03-02,ORS Sachets,927,0,174,753,0
2020-03-09,ORS Sachets,753,0,218,535,0
2020-03-16,ORS Sachets,535,0,173,362,0
2020-03-23,ORS Sachets,362,1271,140,1493,0
2020-03-30,ORS Sachets,1493,0,198,1295,0
2020-04-06,ORS Sachets,1295,0,176,1119,0
2020-04-13,ORS Sachets,1119,0,175,944,0
2020-04-20,ORS Sachets,944,0,256,688,0
2020-04-27,ORS Sachets,688,0,292,396,0
2020-05-04,ORS Sachets,396,0,157,239,0
2020-05-11,ORS Sachets,239,1387,284,1342,0
2020-05-18,ORS Sachets,1342,0,196,1146,0
2020-05-25,ORS Sachets,1146,0,284,862,0
2020-06-01,ORS Sachets,862,0,256,606,0
2020-06-08,ORS Sachets,606,0,260,346,0
2020-06-15,ORS Sachets,346,0,301,45,0
2020-06-22,ORS Sachets,45,1538,280,1303,0
2020-06-29,ORS Sachets,1303,0,251,1052,0
2020-07-06,ORS Sachets,1052,0,289,763,0
2020-07-13,ORS Sachets,763,0,217,546,0
2020-07-20,ORS Sachets,546,0,257,289,0
2020-07-27,ORS Sachets,289,0,135,154,0
2020-08-03,ORS Sachets,154,0,154,0,1
2020-08-10,ORS Sachets,0,1828,172,1656,0
2020-08-17,ORS Sachets,1656,0,357,1299,0
2020-08-24,ORS Sachets,1299,0,287,1012,0
2020-08-31,ORS Sachets,1012,0,314,698,0
2020-09-07,ORS Sachets,698,0,252,446,0
2020-09-14,ORS Sachets,446,0,193,253,0
2020-09-21,ORS Sachets,253,0,193,60,0
2020-09-28,ORS Sachets,60,0,60,0,1
2020-10-05,ORS Sachets,0,1581,196,1385,0
2020-10-12,ORS Sachets,1385,0,160,1225,0
2020-10-19,ORS Sachets,1225,0,222,1003,0
2020-10-26,ORS Sachets,1003,0,235,768,0
2020-11-02,ORS Sachets,768,0,363,405,0
2020-11-09,ORS Sachets,405,0,171,234,0
2020-11-16,ORS Sachets,234,0,223,11,0
2020-11-23,ORS Sachets,11,0,11,0,1
2020-11-30,ORS Sachets,0,0,0,0,1
2020-12-07,ORS Sachets,0,0,0,0,1
2020-12-14,ORS Sachets,0,1655,292,1363,0
2020-12-21,ORS Sachets,1363,0,209,1154,0
2020-12-28,ORS Sachets,1154,0,270,884,0
2021-01-04,ORS Sachets,884,0,233,651,0
2021-01-11,ORS Sachets,651,0,211,440,0
2021-01-18,ORS Sachets,440,0,239,201,0
2021-01-25,ORS Sachets,201,1517,202,1516,0
2021-02-01,ORS Sachets,1516,0,152,1364,0
2021-02-08,ORS Sachets,1364,0,229,1135,0
2021-02-15,ORS Sachets,1135,0,176,959,0
2021-02-22,ORS Sachets,959,0,247,712,0
2021-03-01,ORS Sachets,712,0,194,518,0
2021-03-08,ORS Sachets,518,0,222,296,0
2021-03-15,ORS Sachets,296,0,183,113,0
2021-03-22,ORS Sachets,113,0,113,0,1
2021-03-29,ORS Sachets,0,1516,144,1372,0
2021-04-05,ORS Sachets,1372,0,198,1174,0
2021-04-12,ORS Sachets,1174,0,188,986,0
2021-04-19,ORS Sachets,986,0,263,723,0
2021-04-26,ORS Sachets,723,0,218,505,0
2021-05-03,ORS Sachets,505,0,200,305,0
2021-05-10,ORS Sachets,305,0,223,82,0
2021-05-17,ORS Sachets,82,1508,250,1340,0
2021-05-24,ORS Sachets,1340,0,249,1091,0
2021-05-31,ORS Sachets,1091,0,274,817,0
2021-06-07,ORS Sachets,817,0,276,541,0
2021-06-14,ORS Sachets,541,0,208,333,0
2021-06-21,ORS Sachets,333,0,291,42,0
2021-06-28,ORS Sachets,42,1540,267,1315,0
2021-07-05,ORS Sachets,1315,0,264,1051,0
2021-07-12,ORS Sachets,1051,0,272,779,0
2021-07-19,ORS Sachets,779,0,299,480,0
2021-07-26,ORS Sachets,480,0,258,222,0
2021-08-02,ORS Sachets,222,0,169,53,0
2021-08-09,ORS Sachets,53,0,53,0,1
2021-08-16,ORS Sachets,0,1829,259,1570,0
2021-08-23,ORS Sachets,1570,0,350,1220,0
2021-08-30,ORS Sachets,1220,0,295,925,0
2021-09-06,ORS Sachets,925,0,166,759,0
2021-09-13,ORS Sachets,759,0,227,532,0
2021-09-20,ORS Sachets,532,0,190,342,0
2021-09-27,ORS Sachets,342,1955,176,2121,0
2021-10-04,ORS Sachets,2121,0,177,1944,0
2021-10-11,ORS Sachets,1944,0,217,1727,0
2021-10-18,ORS Sachets,1727,0,239,1488,0
2021-10-25,ORS Sachets,1488,0,171,1317,0
2021-11-01,ORS Sachets,1317,0,193,1124,0
2021-11-08,ORS Sachets,1124,0,220,904,0
2021-11-15,ORS Sachets,904,0,288,616,0
2021-11-22,ORS Sachets,616,0,209,407,0
2021-11-29,ORS Sachets,407,0,189,218,0
2021-12-06,ORS Sachets,218,1392,357,1253,0
2021-12-13,ORS Sachets,1253,0,261,992,0
2021-12-20,ORS Sachets,992,0,246,746,0
2021-12-27,ORS Sachets,746,0,227,519,0
2022-01-03,ORS Sachets,519,0,166,353,0
2022-01-10,ORS Sachets,353,0,265,88,0
2022-01-17,ORS Sachets,88,0,88,0,1
2022-01-24,ORS Sachets,0,0,0,0,1
2022-01-31,ORS Sachets,0,1888,211,1677,0
2022-02-07,ORS Sachets,1677,0,162,1515,0
2022-02-14,ORS Sachets,1515,0,167,1348,0
2022-02-21,ORS Sachets,1348,0,199,1149,0
2022-02-28,ORS Sachets,1149,0,149,1000,0
2022-03-07,ORS Sachets,1000,0,242,758,0
2022-03-14,ORS Sachets,758,0,212,546,0
2022-03-21,ORS Sachets,546,0,143,403,0
2022-03-28,ORS Sachets,403,1532,182,1753,0
2022-04-04,ORS Sachets,1753,0,162,1591,0
2022-04-11,ORS Sachets,1591,0,167,1424,0
2022-04-18,ORS Sachets,1424,0,251,1173,0
2022-04-25,ORS Sachets,1173,0,166,1007,0
2022-05-02,ORS Sachets,1007,0,227,780,0
2022-05-09,ORS Sachets,780,0,274,506,0
2022-05-16,ORS Sachets,506,0,211,295,0
2022-05-23,ORS Sachets,295,0,226,69,0
2022-05-30,ORS Sachets,69,0,69,0,1
2022-06-06,ORS Sachets,0,1707,289,1418,0
2022-06-13,ORS Sachets,1418,0,257,1161,0
2022-06-20,ORS Sachets,1161,0,235,926,0
2022-06-27,ORS Sachets,926,0,344,582,0
2022-07-04,ORS Sachets,582,0,287,295,0
2022-07-11,ORS Sachets,295,0,263,32,0
2022-07-18,ORS Sachets,32,0,32,0,1
2022-07-25,ORS Sachets,0,0,0,0,1
2022-08-01,ORS Sachets,0,1462,265,1197,0
2022-08-08,ORS Sachets,1197,0,235,962,0
2022-08-15,ORS Sachets,962,0,221,741,0
2022-08-22,ORS Sachets,741,0,248,493,0
2022-08-29,ORS Sachets,493,0,318,175,0
2022-09-05,ORS Sachets,175,1683,240,1618,0
2022-09-12,ORS Sachets,1618,0,149,1469,0
2022-09-19,ORS Sachets,1469,0,211,1258,0
2022-09-26,ORS Sachets,1258,0,175,1083,0
2022-10-03,ORS Sachets,1083,0,185,898,0
2022-10-10,ORS Sachets,898,0,278,620,0
2022-10-17,ORS Sachets,620,0,293,327,0
2022-10-24,ORS Sachets,327,0,195,132,0
2022-10-31,ORS Sachets,132,1262,165,1229,0
2022-11-07,ORS Sachets,1229,0,321,908,0
2022-11-14,ORS Sachets,908,0,235,673,0
2022-11-21,ORS Sachets,673,0,179,494,0
2022-11-28,ORS Sachets,494,0,175,319,0
2022-12-05,ORS Sachets,319,0,296,23,0
2022-12-12,ORS Sachets,23,0,23,0,1
2022-12-19,ORS Sachets,0,1651,242,1409,0
2022-12-26,ORS Sachets,1409,0,262,1147,0
2020-01-06,Omeprazole,2805,0,207,2598,0
2020-01-13,Omeprazole,2598,0,220,2378,0
2020-01-20,Omeprazole,2378,0,137,2241,0
2020-01-27,Omeprazole,2241,0,196,2045,0
2020-02-03,Omeprazole,2045,0,125,1920,0
2020-02-10,Omeprazole,1920,0,223,1697,0
2020-02-17,Omeprazole,1697,0,177,1520,0
2020-02-24,Omeprazole,1520,0,196,1324,0
2020-03-02,Omeprazole,1324,0,233,1091,0
2020-03-09,Omeprazole,1091,0,218,873,0
2020-03-16,Omeprazole,873,0,110,763,0
2020-03-23,Omeprazole,763,0,165,598,0
2020-03-30,Omeprazole,598,0,130,468,0
2020-04-06,Omeprazole,468,0,231,237,0
2020-04-13,Omeprazole,237,0,211,26,0
2020-04-20,Omeprazole,26,0,26,0,1
2020-04-27,Omeprazole,0,1482,179,1303,0
2020-05-04,Omeprazole,1303,0,299,1004,0
2020-05-11,Omeprazole,1004,0,225,779,0
2020-05-18,Omeprazole,779,0,238,541,0
2020-05-25,Omeprazole,541,0,247,294,0
2020-06-01,Omeprazole,294,0,198,96,0
2020-06-08,Omeprazole,96,0,96,0,1
2020-06-15,Omeprazole,0,2175,272,1903,0
2020-06-22,Omeprazole,1903,0,398,1505,0
2020-06-29,Omeprazole,1505,0,307,1198,0
2020-07-06,Omeprazole,1198,0,234,964,0
2020-07-13,Omeprazole,964,0,351,613,0
2020-07-20,Omeprazole,613,0,260,353,0
2020-07-27,Omeprazole,353,0,227,126,0
2020-08-03,Omeprazole,126,0,126,0,1
2020-08-10,Omeprazole,0,0,0,0,1
2020-08-17,Omeprazole,0,0,0,0,1
2020-08-24,Omeprazole,0,0,0,0,1
2020-08-31,Omeprazole,0,0,0,0,1
2020-09-07,Omeprazole,0,1674,332,1342,0
2020-09-14,Omeprazole,1342,0,245,1097,0
2020-09-21,Omeprazole,1097,0,214,883,0
2020-09-28,Omeprazole,883,0,125,758,0
2020-10-05,Omeprazole,758,0,214,544,0
2020-10-12,Omeprazole,544,0,201,343,0
2020-10-19,Omeprazole,343,2082,298,2127,0
2020-10-26,Omeprazole,2127,0,169,1958,0
2020-11-02,Omeprazole,1958,0,135,1823,0
2020-11-09,Omeprazole,1823,0,150,1673,0
2020-11-16,Omeprazole,1673,0,273,1400,0
2020-11-23,Omeprazole,1400,0,358,1042,0
2020-11-30,Omeprazole,1042,0,237,805,0
2020-12-07,Omeprazole,805,0,249,556,0
2020-12-14,Omeprazole,556,0,273,283,0
2020-12-21,Omeprazole,283,0,253,30,0
2020-12-28,Omeprazole,30,0,30,0,1
2021-01-04,Omeprazole,0,0,0,0,1
2021-01-11,Omeprazole,0,2137,202,1935,0
2021-01-18,Omeprazole,1935,0,228,1707,0
2021-01-25,Omeprazole,1707,0,195,1512,0
2021-02-01,Omeprazole,1512,0,223,1289,0
2021-02-08,Omeprazole,1289,0,162,1127,0
2021-02-15,Omeprazole,1127,0,190,937,0
2021-02-22,Omeprazole,937,0,205,732,0
2021-03-01,Omeprazole,732,0,167,565,0
2021-03-08,Omeprazole,565,0,152,413,0
2021-03-15,Omeprazole,413,0,230,183,0
2021-03-22,Omeprazole,183,1890,243,1830,0
2021-03-29,Omeprazole,1830,0,217,1613,0
2021-04-05,Omeprazole,1613,0,104,1509,0
2021-04-12,Omeprazole,1509,0,200,1309,0
2021-04-19,Omeprazole,1309,0,216,1093,0
2021-04-26,Omeprazole,1093,0,338,755,0
2021-05-03,Omeprazole,755,0,217,538,0
2021-05-10,Omeprazole,538,0,164,374,0
2021-05-17,Omeprazole,374,1349,303,1420,0
2021-05-24,Omeprazole,1420,0,263,1157,0
2021-05-31,Omeprazole,1157,0,298,859,0
2021-06-07,Omeprazole,859,0,144,715,0
2021-06-14,Omeprazole,715,0,309,406,0
2021-06-21,Omeprazole,406,2320,234,2492,0
2021-06-28,Omeprazole,2492,0,154,2338,0
2021-07-05,Omeprazole,2338,0,269,2069,0
2021-07-12,Omeprazole,2069,0,252,1817,0
2021-07-19,Omeprazole,1817,0,261,1556,0
2021-07-26,Omeprazole,1556,0,275,1281,0
2021-08-02,Omeprazole,1281,0,234,1047,0
2021-08-09,Omeprazole,1047,0,250,797,0
2021-08-16,Omeprazole,797,0,242,555,0
2021-08-23,Omeprazole,555,0,278,277,0
2021-08-30,Omeprazole,277,0,195,82,0
2021-09-06,Omeprazole,82,1898,353,1627,0
2021-09-13,Omeprazole,1627,0,203,1424,0
2021-09-20,Omeprazole,1424,0,215,1209,0
2021-09-27,Omeprazole,1209,0,184,1025,0
2021-10-04,Omeprazole,1025,0,153,872,0
2021-10-11,Omeprazole,872,0,273,599,0
2021-10-18,Omeprazole,599,0,188,411,0
2021-10-25,Omeprazole,411,1755,178,1988,0
2021-11-01,Omeprazole,1988,0,221,1767,0
2021-11-08,Omeprazole,1767,0,295,1472,0
2021-11-15,Omeprazole,1472,0,182,1290,0
2021-11-22,Omeprazole,1290,0,250,1040,0
2021-11-29,Omeprazole,1040,0,276,764,0
2021-12-06,Omeprazole,764,0,178,586,0
2021-12-13,Omeprazole,586,0,220,366,0
2021-12-20,Omeprazole,366,0,220,146,0
2021-12-27,Omeprazole,146,1412,191,1367,0
2022-01-03,Omeprazole,1367,0,227,1140,0
2022-01-10,Omeprazole,1140,0,149,991,0
2022-01-17,Omeprazole,991,0,286,705,0
2022-01-24,Omeprazole,705,0,231,474,0
2022-01-31,Omeprazole,474,0,219,255,0
2022-02-07,Omeprazole,255,0,204,51,0
2022-02-14,Omeprazole,51,0,51,0,1
2022-02-21,Omeprazole,0,1812,199,1613,0
2022-02-28,Omeprazole,1613,0,221,1392,0
2022-03-07,Omeprazole,1392,0,193,1199,0
2022-03-14,Omeprazole,1199,0,195,1004,0
2022-03-21,Omeprazole,1004,0,230,774,0
2022-03-28,Omeprazole,774,0,237,537,0
2022-04-04,Omeprazole,537,0,98,439,0
2022-04-11,Omeprazole,439,0,143,296,0
2022-04-18,Omeprazole,296,0,296,0,1
2022-04-25,Omeprazole,0,0,0,0,1
2022-05-02,Omeprazole,0,2175,314,1861,0
2022-05-09,Omeprazole,1861,0,304,1557,0
2022-05-16,Omeprazole,1557,0,208,1349,0
2022-05-23,Omeprazole,1349,0,244,1105,0
2022-05-30,Omeprazole,1105,0,270,835,0
2022-06-06,Omeprazole,835,0,276,559,0
2022-06-13,Omeprazole,559,0,311,248,0
2022-06-20,Omeprazole,248,0,248,0,1
2022-06-27,Omeprazole,0,2074,217,1857,0
2022-07-04,Omeprazole,1857,0,228,1629,0
2022-07-11,Omeprazole,1629,0,300,1329,0
2022-07-18,Omeprazole,1329,0,270,1059,0
2022-07-25,Omeprazole,1059,0,272,787,0
2022-08-01,Omeprazole,787,0,230,557,0
2022-08-08,Omeprazole,557,0,282,275,0
2022-08-15,Omeprazole,275,0,252,23,0
2022-08-22,Omeprazole,23,0,23,0,1
2022-08-29,Omeprazole,0,1550,235,1315,0
2022-09-05,Omeprazole,1315,0,311,1004,0
2022-09-12,Omeprazole,1004,0,197,807,0
2022-09-19,Omeprazole,807,0,161,646,0
2022-09-26,Omeprazole,646,0,216,430,0
2022-10-03,Omeprazole,430,0,145,285,0
2022-10-10,Omeprazole,285,0,285,0,1
2022-10-17,Omeprazole,0,2372,244,2128,0
2022-10-24,Omeprazole,2128,0,268,1860,0
2022-10-31,Omeprazole,1860,0,206,1654,0
2022-11-07,Omeprazole,1654,0,175,1479,0
2022-11-14,Omeprazole,1479,0,310,1169,0
2022-11-21,Omeprazole,1169,0,263,906,0
2022-11-28,Omeprazole,906,0,259,647,0
2022-12-05,Omeprazole,647,0,241,406,0
2022-12-12,Omeprazole,406,0,186,220,0
2022-12-19,Omeprazole,220,0,219,1,0
2022-12-26,Omeprazole,1,1700,248,1453,0
2020-01-06,Paracetamol,1392,0,158,1234,0
2020-01-13,Paracetamol,1234,0,113,1121,0
2020-01-20,Paracetamol,1121,0,182,939,0
2020-01-27,Paracetamol,939,0,244,695,0
2020-02-03,Paracetamol,695,0,162,533,0
2020-02-10,Paracetamol,533,0,136,397,0
2020-02-17,Paracetamol,397,0,167,230,0
2020-02-24,Paracetamol,230,0,141,89,0
2020-03-02,Paracetamol,89,0,89,0,1
2020-03-09,Paracetamol,0,0,0,0,1
2020-03-16,Paracetamol,0,1724,159,1565,0
2020-03-23,Paracetamol,1565,0,198,1367,0
2020-03-30,Paracetamol,1367,0,179,1188,0
2020-04-06,Paracetamol,1188,0,211,977,0
2020-04-13,Paracetamol,977,0,217,760,0
2020-04-20,Paracetamol,760,0,296,464,0
2020-04-27,Paracetamol,464,0,228,236,0
2020-05-04,Paracetamol,236,1591,202,1625,0
2020-05-11,Paracetamol,1625,0,268,1357,0
2020-05-18,Paracetamol,1357,0,191,1166,0
2020-05-25,Paracetamol,1166,0,219,947,0
2020-06-01,Paracetamol,947,0,117,830,0
2020-06-08,Paracetamol,830,0,193,637,0
2020-06-15,Paracetamol,637,0,222,415,0
2020-06-22,Paracetamol,415,0,273,142,0
2020-06-29,Paracetamol,142,0,142,0,1
2020-07-06,Paracetamol,0,1792,241,1551,0
2020-07-13,Paracetamol,1551,0,224,1327,0
2020-07-20,Paracetamol,1327,0,279,1048,0
2020-07-27,Paracetamol,1048,0,255,793,0
2020-08-03,Paracetamol,793,0,313,480,0
2020-08-10,Paracetamol,480,0,257,223,0
2020-08-17,Paracetamol,223,0,203,20,0
2020-08-24,Paracetamol,20,0,20,0,1
2020-08-31,Paracetamol,0,1631,294,1337,0
2020-09-07,Paracetamol,1337,0,239,1098,0
2020-09-14,Paracetamol,1098,0,183,915,0
2020-09-21,Paracetamol,915,0,210,705,0
2020-09-28,Paracetamol,705,0,191,514,0
2020-10-05,Paracetamol,514,0,192,322,0
2020-10-12,Paracetamol,322,1621,237,1706,0
2020-10-19,Paracetamol,1706,0,194,1512,0
2020-10-26,Paracetamol,1512,0,164,1348,0
2020-11-02,Paracetamol,1348,0,184,1164,0
2020-11-09,Paracetamol,1164,0,262,902,0
2020-11-16,Paracetamol,902,0,241,661,0
2020-11-23,Paracetamol,661,0,263,398,0
2020-11-30,Paracetamol,398,0,229,169,0
2020-12-07,Paracetamol,169,0,148,21,0
2020-12-14,Paracetamol,21,0,21,0,1
2020-12-21,Paracetamol,0,0,0,0,1
2020-12-28,Paracetamol,0,0,0,0,1
2021-01-04,Paracetamol,0,1446,215,1231,0
2021-01-11,Paracetamol,1231,0,129,1102,0
2021-01-18,Paracetamol,1102,0,157,945,0
2021-01-25,Paracetamol,945,0,143,802,0
2021-02-01,Paracetamol,802,0,161,641,0
2021-02-08,Paracetamol,641,0,184,457,0
2021-02-15,Paracetamol,457,0,180,277,0
2021-02-22,Paracetamol,277,1856,223,1910,0
2021-03-01,Paracetamol,1910,0,189,1721,0
2021-03-08,Paracetamol,1721,0,150,1571,0
2021-03-15,Paracetamol,1571,0,167,1404,0
2021-03-22,Paracetamol,1404,0,153,1251,0
2021-03-29,Paracetamol,1251,0,173,1078,0
2021-04-05,Paracetamol,1078,0,170,908,0
2021-04-12,Paracetamol,908,0,96,812,0
2021-04-19,Paracetamol,812,0,186,626,0
2021-04-26,Paracetamol,626,0,184,442,0
2021-05-03,Paracetamol,442,0,241,201,0
2021-05-10,Paracetamol,201,0,201,0,1
2021-05-17,Paracetamol,0,0,0,0,1
2021-05-24,Paracetamol,0,0,0,0,1
2021-05-31,Paracetamol,0,2050,241,1809,0
2021-06-07,Paracetamol,1809,0,351,1458,0
2021-06-14,Paracetamol,1458,0,252,1206,0
2021-06-21,Paracetamol,1206,0,302,904,0
2021-06-28,Paracetamol,904,0,244,660,0
2021-07-05,Paracetamol,660,0,169,491,0
2021-07-12,Paracetamol,491,0,278,213,0
2021-07-19,Paracetamol,213,0,213,0,1
2021-07-26,Paracetamol,0,0,0,0,1
2021-08-02,Paracetamol,0,0,0,0,1
2021-08-09,Paracetamol,0,0,0,0,1
2021-08-16,Paracetamol,0,1500,255,1245,0
2021-08-23,Paracetamol,1245,0,308,937,0
2021-08-30,Paracetamol,937,0,228,709,0
2021-09-06,Paracetamol,709,0,283,426,0
2021-09-13,Paracetamol,426,0,247,179,0
2021-09-20,Paracetamol,179,2021,237,1963,0
2021-09-27,Paracetamol,1963,0,189,1774,0
2021-10-04,Paracetamol,1774,0,166,1608,0
2021-10-11,Paracetamol,1608,0,304,1304,0
2021-10-18,Paracetamol,1304,0,178,1126,0
2021-10-25,Paracetamol,1126,0,180,946,0
2021-11-01,Paracetamol,946,0,226,720,0
2021-11-08,Paracetamol,720,0,269,451,0
2021-11-15,Paracetamol,451,0,223,228,0
2021-11-22,Paracetamol,228,1654,218,1664,0
2021-11-29,Paracetamol,1664,0,271,1393,0
2021-12-06,Paracetamol,1393,0,360,1033,0
2021-12-13,Paracetamol,1033,0,221,812,0
2021-12-20,Paracetamol,812,0,186,626,0
2021-12-27,Paracetamol,626,0,251,375,0
2022-01-03,Paracetamol,375,0,277,98,0
2022-01-10,Paracetamol,98,0,98,0,1
2022-01-17,Paracetamol,0,1294,136,1158,0
2022-01-24,Paracetamol,1158,0,184,974,0
2022-01-31,Paracetamol,974,0,165,809,0
2022-02-07,Paracetamol,809,0,206,603,0
2022-02-14,Paracetamol,603,0,236,367,0
2022-02-21,Paracetamol,367,1800,138,2029,0
2022-02-28,Paracetamol,2029,0,158,1871,0
2022-03-07,Paracetamol,1871,0,174,1697,0
2022-03-14,Paracetamol,1697,0,134,1563,0
2022-03-21,Paracetamol,1563,0,92,1471,0
2022-03-28,Paracetamol,1471,0,217,1254,0
2022-04-04,Paracetamol,1254,0,193,1061,0
2022-04-11,Paracetamol,1061,0,136,925,0
2022-04-18,Paracetamol,925,0,275,650,0
2022-04-25,Paracetamol,650,0,332,318,0
2022-05-02,Paracetamol,318,0,246,72,0
2022-05-09,Paracetamol,72,0,72,0,1
2022-05-16,Paracetamol,0,0,0,0,1
2022-05-23,Paracetamol,0,0,0,0,1
2022-05-30,Paracetamol,0,1897,289,1608,0
2022-06-06,Paracetamol,1608,0,291,1317,0
2022-06-13,Paracetamol,1317,0,228,1089,0
2022-06-20,Paracetamol,1089,0,214,875,0
2022-06-27,Paracetamol,875,0,185,690,0
2022-07-04,Paracetamol,690,0,270,420,0
2022-07-11,Paracetamol,420,0,207,213,0
2022-07-18,Paracetamol,213,1641,241,1613,0
2022-07-25,Paracetamol,1613,0,253,1360,0
2022-08-01,Paracetamol,1360,0,252,1108,0
2022-08-08,Paracetamol,1108,0,203,905,0
2022-08-15,Paracetamol,905,0,212,693,0
2022-08-22,Paracetamol,693,0,238,455,0
2022-08-29,Paracetamol,455,0,185,270,0
2022-09-05,Paracetamol,270,0,244,26,0
2022-09-12,Paracetamol,26,1850,130,1746,0
2022-09-19,Paracetamol,1746,0,189,1557,0
2022-09-26,Paracetamol,1557,0,159,1398,0
2022-10-03,Paracetamol,1398,0,192,1206,0
2022-10-10,Paracetamol,1206,0,269,937,0
2022-10-17,Paracetamol,937,0,228,709,0
2022-10-24,Paracetamol,709,0,252,457,0
2022-10-31,Paracetamol,457,0,253,204,0
2022-11-07,Paracetamol,204,0,173,31,0
2022-11-14,Paracetamol,31,0,31,0,1
2022-11-21,Paracetamol,0,0,0,0,1
2022-11-28,Paracetamol,0,1752,286,1466,0
2022-12-05,Paracetamol,1466,0,211,1255,0
2022-12-12,Paracetamol,1255,0,200,1055,0
2022-12-19,Paracetamol,1055,0,200,855,0
2022-12-26,Paracetamol,855,0,271,584,0
2020-01-06,Salbutamol Inhaler,1800,0,168,1632,0
2020-01-13,Salbutamol Inhaler,1632,0,229,1403,0
2020-01-20,Salbutamol Inhaler,1403,0,137,1266,0
2020-01-27,Salbutamol Inhaler,1266,0,177,1089,0
2020-02-03,Salbutamol Inhaler,1089,0,209,880,0
2020-02-10,Salbutamol Inhaler,880,0,130,750,0
2020-02-17,Salbutamol Inhaler,750,0,146,604,0
2020-02-24,Salbutamol Inhaler,604,1997,182,2419,0
2020-03-02,Salbutamol Inhaler,2419,0,221,2198,0
2020-03-09,Salbutamol Inhaler,2198,0,118,2080,0
2020-03-16,Salbutamol Inhaler,2080,0,175,1905,0
2020-03-23,Salbutamol Inhaler,1905,0,287,1618,0
2020-03-30,Salbutamol Inhaler,1618,0,145,1473,0
2020-04-06,Salbutamol Inhaler,1473,0,227,1246,0
2020-04-13,Salbutamol Inhaler,1246,0,212,1034,0
2020-04-20,Salbutamol Inhaler,1034,0,290,744,0
2020-04-27,Salbutamol Inhaler,744,0,231,513,0
2020-05-04,Salbutamol Inhaler,513,0,389,124,0
2020-05-11,Salbutamol Inhaler,124,0,124,0,1
2020-05-18,Salbutamol Inhaler,0,0,0,0,1
2020-05-25,Salbutamol Inhaler,0,0,0,0,1
2020-06-01,Salbutamol Inhaler,0,2366,303,2063,0
2020-06-08,Salbutamol Inhaler,2063,0,306,1757,0
2020-06-15,Salbutamol Inhaler,1757,0,266,1491,0
2020-06-22,Salbutamol Inhaler,1491,0,276,1215,0
2020-06-29,Salbutamol Inhaler,1215,0,347,868,0
2020-07-06,Salbutamol Inhaler,868,0,88,780,0
2020-07-13,Salbutamol Inhaler,780,0,177,603,0
2020-07-20,Salbutamol Inhaler,603,0,238,365,0
2020-07-27,Salbutamol Inhaler,365,1643,204,1804,0
2020-08-03,Salbutamol Inhaler,1804,0,272,1532,0
2020-08-10,Salbutamol Inhaler,1532,0,219,1313,0
2020-08-17,Salbutamol Inhaler,1313,0,310,1003,0
2020-08-24,Salbutamol Inhaler,1003,0,136,867,0
2020-08-31,Salbutamol Inhaler,867,0,211,656,0
2020-09-07,Salbutamol Inhaler,656,0,160,496,0
2020-09-14,Salbutamol Inhaler,496,0,154,342,0
2020-09-21,Salbutamol Inhaler,342,1868,202,2008,0
2020-09-28,Salbutamol Inhaler,2008,0,171,1837,0
2020-10-05,Salbutamol Inhaler,1837,0,177,1660,0
2020-10-12,Salbutamol Inhaler,1660,0,243,1417,0
2020-10-19,Salbutamol Inhaler,1417,0,360,1057,0
2020-10-26,Salbutamol Inhaler,1057,0,312,745,0
2020-11-02,Salbutamol Inhaler,745,0,137,608,0
2020-11-09,Salbutamol Inhaler,608,0,255,353,0
2020-11-16,Salbutamol Inhaler,353,0,353,0,1
2020-11-23,Salbutamol Inhaler,0,0,0,0,1
2020-11-30,Salbutamol Inhaler,0,0,0,0,1
2020-12-07,Salbutamol Inhaler,0,1983,260,1723,0
2020-12-14,Salbutamol Inhaler,1723,0,238,1485,0
2020-12-21,Salbutamol Inhaler,1485,0,269,1216,0
2020-12-28,Salbutamol Inhaler,1216,0,278,938,0
2021-01-04,Salbutamol Inhaler,938,0,174,764,0
2021-01-11,Salbutamol Inhaler,764,0,171,593,0
2021-01-18,Salbutamol Inhaler,593,0,178,415,0
2021-01-25,Salbutamol Inhaler,415,1915,164,2166,0
2021-02-01,Salbutamol Inhaler,2166,0,253,1913,0
2021-02-08,Salbutamol Inhaler,1913,0,233,1680,0
2021-02-15,Salbutamol Inhaler,1680,0,217,1463,0
2021-02-22,Salbutamol Inhaler,1463,0,234,1229,0
2021-03-01,Salbutamol Inhaler,1229,0,204,1025,0
2021-03-08,Salbutamol Inhaler,1025,0,206,819,0
2021-03-15,Salbutamol Inhaler,819,0,217,602,0
2021-03-22,Salbutamol Inhaler,602,0,123,479,0
2021-03-29,Salbutamol Inhaler,479,1720,272,1927,0
2021-04-05,Salbutamol Inhaler,1927,0,215,1712,0
2021-04-12,Salbutamol Inhaler,1712,0,175,1537,0
2021-04-19,Salbutamol Inhaler,1537,0,235,1302,0
2021-04-26,Salbutamol Inhaler,1302,0,242,1060,0
2021-05-03,Salbutamol Inhaler,1060,0,395,665,0
2021-05-10,Salbutamol Inhaler,665,0,266,399,0
2021-05-17,Salbutamol Inhaler,399,0,243,156,0
2021-05-24,Salbutamol Inhaler,156,1863,299,1720,0
2021-05-31,Salbutamol Inhaler,1720,0,183,1537,0
2021-06-07,Salbutamol Inhaler,1537,0,215,1322,0
2021-06-14,Salbutamol Inhaler,1322,0,230,1092,0
2021-06-21,Salbutamol Inhaler,1092,0,257,835,0
2021-06-28,Salbutamol Inhaler,835,0,294,541,0
2021-07-05,Salbutamol Inhaler,541,0,221,320,0
2021-07-12,Salbutamol Inhaler,320,1680,327,1673,0
2021-07-19,Salbutamol Inhaler,1673,0,316,1357,0
2021-07-26,Salbutamol Inhaler,1357,0,271,1086,0
2021-08-02,Salbutamol Inhaler,1086,0,344,742,0
2021-08-09,Salbutamol Inhaler,742,0,345,397,0
2021-08-16,Salbutamol Inhaler,397,0,277,120,0
2021-08-23,Salbutamol Inhaler,120,0,120,0,1
2021-08-30,Salbutamol Inhaler,0,0,0,0,1
2021-09-06,Salbutamol Inhaler,0,0,0,0,1
2021-09-13,Salbutamol Inhaler,0,0,0,0,1
2021-09-20,Salbutamol Inhaler,0,2314,197,2117,0
2021-09-27,Salbutamol Inhaler,2117,0,198,1919,0
2021-10-04,Salbutamol Inhaler,1919,0,232,1687,0
2021-10-11,Salbutamol Inhaler,1687,0,236,1451,0
2021-10-18,Salbutamol Inhaler,1451,0,315,1136,0
2021-10-25,Salbutamol Inhaler,1136,0,294,842,0
2021-11-01,Salbutamol Inhaler,842,0,249,593,0
2021-11-08,Salbutamol Inhaler,593,0,213,380,0
2021-11-15,Salbutamol Inhaler,380,0,251,129,0
2021-11-22,Salbutamol Inhaler,129,1949,263,1815,0
2021-11-29,Salbutamol Inhaler,1815,0,199,1616,0
2021-12-06,Salbutamol Inhaler,1616,0,315,1301,0
2021-12-13,Salbutamol Inhaler,1301,0,234,1067,0
2021-12-20,Salbutamol Inhaler,1067,0,237,830,0
2021-12-27,Salbutamol Inhaler,830,0,253,577,0
2022-01-03,Salbutamol Inhaler,577,0,173,404,0
2022-01-10,Salbutamol Inhaler,404,0,191,213,0
2022-01-17,Salbutamol Inhaler,213,0,132,81,0
2022-01-24,Salbutamol Inhaler,81,0,81,0,1
2022-01-31,Salbutamol Inhaler,0,0,0,0,1
2022-02-07,Salbutamol Inhaler,0,1585,150,1435,0
2022-02-14,Salbutamol Inhaler,1435,0,167,1268,0
2022-02-21,Salbutamol Inhaler,1268,0,204,1064,0
2022-02-28,Salbutamol Inhaler,1064,0,180,884,0
2022-03-07,Salbutamol Inhaler,884,0,140,744,0
2022-03-14,Salbutamol Inhaler,744,0,215,529,0
2022-03-21,Salbutamol Inhaler,529,0,227,302,0
2022-03-28,Salbutamol Inhaler,302,0,210,92,0
2022-04-04,Salbutamol Inhaler,92,0,92,0,1
2022-04-11,Salbutamol Inhaler,0,2336,179,2157,0
2022-04-18,Salbutamol Inhaler,2157,0,194,1963,0
2022-04-25,Salbutamol Inhaler,1963,0,350,1613,0
2022-05-02,Salbutamol Inhaler,1613,0,270,1343,0
2022-05-09,Salbutamol Inhaler,1343,0,261,1082,0
2022-05-16,Salbutamol Inhaler,1082,0,305,777,0
2022-05-23,Salbutamol Inhaler,777,0,200,577,0
2022-05-30,Salbutamol Inhaler,577,0,288,289,0
2022-06-06,Salbutamol Inhaler,289,0,270,19,0
2022-06-13,Salbutamol Inhaler,19,1437,368,1088,0
2022-06-20,Salbutamol Inhaler,1088,0,347,741,0
2022-06-27,Salbutamol Inhaler,741,0,318,423,0
2022-07-04,Salbutamol Inhaler,423,0,314,109,0
2022-07-11,Salbutamol Inhaler,109,0,109,0,1
2022-07-18,Salbutamol Inhaler,0,2312,345,1967,0
2022-07-25,Salbutamol Inhaler,1967,0,255,1712,0
2022-08-01,Salbutamol Inhaler,1712,0,206,1506,0
2022-08-08,Salbutamol Inhaler,1506,0,292,1214,0
2022-08-15,Salbutamol Inhaler,1214,0,378,836,0
2022-08-22,Salbutamol Inhaler,836,0,347,489,0
2022-08-29,Salbutamol Inhaler,489,0,321,168,0
2022-09-05,Salbutamol Inhaler,168,0,168,0,1
2022-09-12,Salbutamol Inhaler,0,1433,216,1217,0
2022-09-19,Salbutamol Inhaler,1217,0,236,981,0
2022-09-26,Salbutamol Inhaler,981,0,189,792,0
2022-10-03,Salbutamol Inhaler,792,0,209,583,0
2022-10-10,Salbutamol Inhaler,583,0,179,404,0
2022-10-17,Salbutamol Inhaler,404,0,281,123,0
2022-10-24,Salbutamol Inhaler,123,0,123,0,1
2022-10-31,Salbutamol Inhaler,0,0,0,0,1
2022-11-07,Salbutamol Inhaler,0,0,0,0,1
2022-11-14,Salbutamol Inhaler,0,2183,347,1836,0
2022-11-21,Salbutamol Inhaler,1836,0,239,1597,0
2022-11-28,Salbutamol Inhaler,1597,0,236,1361,0
2022-12-05,Salbutamol Inhaler,1361,0,291,1070,0
2022-12-12,Salbutamol Inhaler,1070,0,178,892,0
2022-12-19,Salbutamol Inhaler,892,0,292,600,0
2022-12-26,Salbutamol Inhaler,600,0,293,307,0
2020-01-06,Zinc Tablets,2685,0,102,2583,0
2020-01-13,Zinc Tablets,2583,0,173,2410,0
2020-01-20,Zinc Tablets,2410,0,181,2229,0
2020-01-27,Zinc Tablets,2229,0,165,2064,0
2020-02-03,Zinc Tablets,2064,0,166,1898,0
2020-02-10,Zinc Tablets,1898,0,127,1771,0
2020-02-17,Zinc Tablets,1771,0,151,1620,0
2020-02-24,Zinc Tablets,1620,0,147,1473,0
2020-03-02,Zinc Tablets,1473,0,135,1338,0
2020-03-09,Zinc Tablets,1338,0,219,1119,0
2020-03-16,Zinc Tablets,1119,0,180,939,0
2020-03-23,Zinc Tablets,939,0,119,820,0
2020-03-30,Zinc Tablets,820,0,161,659,0
2020-04-06,Zinc Tablets,659,0,126,533,0
2020-04-13,Zinc Tablets,533,0,78,455,0
2020-04-20,Zinc Tablets,455,2242,184,2513,0
2020-04-27,Zinc Tablets,2513,0,257,2256,0
2020-05-04,Zinc Tablets,2256,0,294,1962,0
2020-05-11,Zinc Tablets,1962,0,340,1622,0
2020-05-18,Zinc Tablets,1622,0,267,1355,0
2020-05-25,Zinc Tablets,1355,0,148,1207,0
2020-06-01,Zinc Tablets,1207,0,190,1017,0
2020-06-08,Zinc Tablets,1017,0,354,663,0
2020-06-15,Zinc Tablets,663,0,268,395,0
2020-06-22,Zinc Tablets,395,0,127,268,0
2020-06-29,Zinc Tablets,268,0,210,58,0
2020-07-06,Zinc Tablets,58,1958,218,1798,0
2020-07-13,Zinc Tablets,1798,0,270,1528,0
2020-07-20,Zinc Tablets,1528,0,186,1342,0
2020-07-27,Zinc Tablets,1342,0,287,1055,0
2020-08-03,Zinc Tablets,1055,0,261,794,0
2020-08-10,Zinc Tablets,794,0,196,598,0
2020-08-17,Zinc Tablets,598,0,239,359,0
2020-08-24,Zinc Tablets,359,0,298,61,0
2020-08-31,Zinc Tablets,61,2238,156,2143,0
2020-09-07,Zinc Tablets,2143,0,322,1821,0
2020-09-14,Zinc Tablets,1821,0,159,1662,0
2020-09-21,Zinc Tablets,1662,0,139,1523,0
2020-09-28,Zinc Tablets,1523,0,261,1262,0
2020-10-05,Zinc Tablets,1262,0,245,1017,0
2020-10-12,Zinc Tablets,1017,0,169,848,0
2020-10-19,Zinc Tablets,848,0,148,700,0
2020-10-26,Zinc Tablets,700,0,234,466,0
2020-11-02,Zinc Tablets,466,0,190,276,0
2020-11-09,Zinc Tablets,276,0,209,67,0
2020-11-16,Zinc Tablets,67,2563,258,2372,0
2020-11-23,Zinc Tablets,2372,0,191,2181,0
2020-11-30,Zinc Tablets,2181,0,156,2025,0
2020-12-07,Zinc Tablets,2025,0,216,1809,0
2020-12-14,Zinc Tablets,1809,0,224,1585,0
2020-12-21,Zinc Tablets,1585,0,163,1422,0
2020-12-28,Zinc Tablets,1422,0,150,1272,0
2021-01-04,Zinc Tablets,1272,0,217,1055,0
2021-01-11,Zinc Tablets,1055,0,154,901,0
2021-01-18,Zinc Tablets,901,0,175,726,0
2021-01-25,Zinc Tablets,726,0,171,555,0
2021-02-01,Zinc Tablets,555,0,216,339,0
2021-02-08,Zinc Tablets,339,1995,178,2156,0
2021-02-15,Zinc Tablets,2156,0,156,2000,0
2021-02-22,Zinc Tablets,2000,0,180,1820,0
2021-03-01,Zinc Tablets,1820,0,207,1613,0
2021-03-08,Zinc Tablets,1613,0,138,1475,0
2021-03-15,Zinc Tablets,1475,0,150,1325,0
2021-03-22,Zinc Tablets,1325,0,189,1136,0
2021-03-29,Zinc Tablets,1136,0,138,998,0
2021-04-05,Zinc Tablets,998,0,138,860,0
2021-04-12,Zinc Tablets,860,0,188,672,0
2021-04-19,Zinc Tablets,672,0,209,463,0
2021-04-26,Zinc Tablets,463,0,277,186,0
2021-05-03,Zinc Tablets,186,0,186,0,1
2021-05-10,Zinc Tablets,0,2255,189,2066,0
2021-05-17,Zinc Tablets,2066,0,208,1858,0
2021-05-24,Zinc Tablets,1858,0,160,1698,0
2021-05-31,Zinc Tablets,1698,0,305,1393,0
2021-06-07,Zinc Tablets,1393,0,282,1111,0
2021-06-14,Zinc Tablets,1111,0,306,805,0
2021-06-21,Zinc Tablets,805,0,301,504,0
2021-06-28,Zinc Tablets,504,0,285,219,0
2021-07-05,Zinc Tablets,219,0,219,0,1
2021-07-12,Zinc Tablets,0,0,0,0,1
2021-07-19,Zinc Tablets,0,0,0,0,1
2021-07-26,Zinc Tablets,0,0,0,0,1
2021-08-02,Zinc Tablets,0,2187,240,1947,0
2021-08-09,Zinc Tablets,1947,0,233,1714,0
2021-08-16,Zinc Tablets,1714,0,197,1517,0
2021-08-23,Zinc Tablets,1517,0,162,1355,0
2021-08-30,Zinc Tablets,1355,0,292,1063,0
2021-09-06,Zinc Tablets,1063,0,219,844,0
2021-09-13,Zinc Tablets,844,0,112,732,0
2021-09-20,Zinc Tablets,732,0,160,572,0
2021-09-27,Zinc Tablets,572,0,170,402,0
2021-10-04,Zinc Tablets,402,0,231,171,0
2021-10-11,Zinc Tablets,171,0,171,0,1
2021-10-18,Zinc Tablets,0,2517,195,2322,0
2021-10-25,Zinc Tablets,2322,0,285,2037,0
2021-11-01,Zinc Tablets,2037,0,328,1709,0
2021-11-08,Zinc Tablets,1709,0,168,1541,0
2021-11-15,Zinc Tablets,1541,0,266,1275,0
2021-11-22,Zinc Tablets,1275,0,246,1029,0
2021-11-29,Zinc Tablets,1029,0,207,822,0
2021-12-06,Zinc Tablets,822,0,238,584,0
2021-12-13,Zinc Tablets,584,0,268,316,0
2021-12-20,Zinc Tablets,316,2551,272,2595,0
2021-12-27,Zinc Tablets,2595,0,182,2413,0
2022-01-03,Zinc Tablets,2413,0,172,2241,0
2022-01-10,Zinc Tablets,2241,0,222,2019,0
2022-01-17,Zinc Tablets,2019,0,203,1816,0
2022-01-24,Zinc Tablets,1816,0,140,1676,0
2022-01-31,Zinc Tablets,1676,0,213,1463,0
2022-02-07,Zinc Tablets,1463,0,175,1288,0
2022-02-14,Zinc Tablets,1288,0,213,1075,0
2022-02-21,Zinc Tablets,1075,0,116,959,0
2022-02-28,Zinc Tablets,959,0,150,809,0
2022-03-07,Zinc Tablets,809,0,203,606,0
2022-03-14,Zinc Tablets,606,0,201,405,0
2022-03-21,Zinc Tablets,405,1904,197,2112,0
2022-03-28,Zinc Tablets,2112,0,133,1979,0
2022-04-04,Zinc Tablets,1979,0,204,1775,0
2022-04-11,Zinc Tablets,1775,0,174,1601,0
2022-04-18,Zinc Tablets,1601,0,254,1347,0
2022-04-25,Zinc Tablets,1347,0,228,1119,0
2022-05-02,Zinc Tablets,1119,0,341,778,0
2022-05-09,Zinc Tablets,778,0,243,535,0
2022-05-16,Zinc Tablets,535,0,242,293,0
2022-05-23,Zinc Tablets,293,0,218,75,0
2022-05-30,Zinc Tablets,75,0,75,0,1
2022-06-06,Zinc Tablets,0,0,0,0,1
2022-06-13,Zinc Tablets,0,2233,198,2035,0
2022-06-20,Zinc Tablets,2035,0,150,1885,0
2022-06-27,Zinc Tablets,1885,0,186,1699,0
2022-07-04,Zinc Tablets,1699,0,284,1415,0
2022-07-11,Zinc Tablets,1415,0,222,1193,0
2022-07-18,Zinc Tablets,1193,0,270,923,0
2022-07-25,Zinc Tablets,923,0,216,707,0
2022-08-01,Zinc Tablets,707,0,189,518,0
2022-08-08,Zinc Tablets,518,0,203,315,0
2022-08-15,Zinc Tablets,315,2165,262,2218,0
2022-08-22,Zinc Tablets,2218,0,337,1881,0
2022-08-29,Zinc Tablets,1881,0,243,1638,0
2022-09-05,Zinc Tablets,1638,0,273,1365,0
2022-09-12,Zinc Tablets,1365,0,196,1169,0
2022-09-19,Zinc Tablets,1169,0,189,980,0
2022-09-26,Zinc Tablets,980,0,218,762,0
2022-10-03,Zinc Tablets,762,0,169,593,0
2022-10-10,Zinc Tablets,593,0,224,369,0
2022-10-17,Zinc Tablets,369,0,283,86,0
2022-10-24,Zinc Tablets,86,2411,234,2263,0
2022-10-31,Zinc Tablets,2263,0,252,2011,0
2022-11-07,Zinc Tablets,2011,0,328,1683,0
2022-11-14,Zinc Tablets,1683,0,165,1518,0
2022-11-21,Zinc Tablets,1518,0,173,1345,0
2022-11-28,Zinc Tablets,1345,0,253,1092,0
2022-12-05,Zinc Tablets,1092,0,232,860,0
2022-12-12,Zinc Tablets,860,0,305,555,0
2022-12-19,Zinc Tablets,555,0,158,397,0
2022-12-26,Zinc Tablets,397,0,201,196,0
